record_id,operation_date,depot,shift,operator_id,machine_id,throughput_barrels,temperature_c,maintenance_flag,voltage_count,incident_type
MO-20260224-MOM-D,24/02/2026,Mombasa,Day,OP-M02,MBA-P01,1069.7,34.6,0,230,none
MO-20261015-KIS-D,15/10/2026,Kisumu,Day,OP-K01,KSM-P01,1051.6,25.5,0,227,none
MO-20260518-MOM-D,18/05/2026,Mombasa,Day,OP-M04,MBA-P01,999.3,37.1,0,209,none
MO-20260209-MOM-N,09/02/2026,Mombasa,Night,OP-M04,MBA-P03,1038.7,32.4,0,213,none
MO-20260318-MOM-N,18/03/2026,Mombasa,Night,OP-M02,MBA-P01,939.7,34.5,0,225,none
MO-20260706-MOM-D,06/07/2026,Mombasa,Day,OP-M04,MBA-P03,1116.0,28.0,0,215,none
MO-20260121-NAI-N,21/01/2026,Nairobi,Night,OP-N03,NBI-P03,1056.8,28.6,0,219,none
MO-20260720-NAI-N,20/07/2026,Nairobi,Night,OP-N01,NBI-P01,991.3,23.0,0,222,none
MO-20260116-KIS-N,16/01/2026,Kisumu,Night,OP-K03,KSM-P01,938.6,26.7,0,211,none
MO-20260813-ELD-N,13/08/2026,Eldoret,Night,OP-E02,ELD-P02,908.8,16.1,0,213,none
MO-20260311-KIS-N,11/03/2026,Kisumu,Night,OP-K02,KSM-P01,902.2,32.8,0,219,none
MO-20260828-KIS-D,28/08/2026,Kisumu,Day,OP-K02,KSM-P03,1011.5,24.5,0,225,none
MO-20260402-ELD-N,02/04/2026,Eldoret,Night,OP-E02,ELD-P02,531.5,27.4,0,221,brief_equipment_fault
MO-20260112-NAI-N,12/01/2026,Nairobi,Night,OP-N01,NBI-P01,1095.1,26.4,0,216,none
MO-20260429-MOM-N,29/04/2026,Mombasa,Night,OP-M01,MBA-P03,1046.3,33.6,0,209,none
MO-20261113-ELD-N,13/11/2026,Eldoret,Night,OP-E01,ELD-P02,1074.2,18.1,0,218,none
MO-20260328-ELD-N,28/03/2026,Eldoret,Night,OP-E02,ELD-P03,1026.2,24.4,0,216,none
MO-20260423-MOM-D,23/04/2026,Mombasa,Day,OP-M01,MBA-P03,1003.9,34.9,0,221,none
MO-20261004-NAI-D,04/10/2026,Nairobi,Day,OP-N02,NBI-P03,673.4,21.7,1,213,missed_maintenance
MO-20261021-KIS-D,21/10/2026,Kisumu,Day,OP-K01,KSM-P02,1199.1,26.6,0,226,none
MO-20260326-MOM-N,26/03/2026,Mombasa,Night,OP-M04,MBA-P02,1043.8,36.6,0,217,none
MO-20260220-MOM-N,20/02/2026,Mombasa,Night,OP-M01,MBA-P03,715.2,34.2,0,211,operator_blunder
MO-20260102-NAI-N,02/01/2026,Nairobi,Night,OP-N04,NBI-P04,1148.6,24.7,0,225,none
MO-20260704-ELD-D,04/07/2026,Eldoret,Day,OP-E02,ELD-P02,1019.9,23.5,0,218,none
MO-20260109-NAI-D,09/01/2026,Nairobi,Day,OP-N04,NBI-P02,1064.7,24.1,0,220,none
MO-20260417-NAI-N,17/04/2026,Nairobi,Night,OP-N04,NBI-P03,422.8,28.8,1,222,brief_equipment_fault
MO-20260517-MOM-N,17/05/2026,Mombasa,Night,OP-M03,MBA-P03,1083.6,28.5,0,213,none
MO-20260520-ELD-N,20/05/2026,Eldoret,Night,OP-E01,ELD-P01,660.9,21.0,0,213,operator_blunder
MO-20260301-KIS-N,01/03/2026,Kisumu,Night,OP-K01,KSM-P03,1039.5,28.8,0,223,none
MO-20260626-ELD-D,26/06/2026,Eldoret,Day,OP-E03,ELD-P01,1045.7,18.7,0,221,none
MO-20260403-ELD-N,03/04/2026,Eldoret,Night,OP-E03,ELD-P02,1027.9,21.5,0,216,none
MO-20260905-KIS-N,05/09/2026,Kisumu,Night,OP-K03,KSM-P01,787.6,23.1,0,212,none
MO-20260601-NAI-D,01/06/2026,Nairobi,Day,OP-N03,NBI-P01,1123.0,25.7,0,241,none
MO-20260627-MOM-D,27/06/2026,Mombasa,Day,OP-M03,MBA-P01,1036.6,27.8,0,232,none
MO-20261002-MOM-D,02/10/2026,Mombasa,Day,OP-M02,MBA-P03,991.4,25.4,0,219,none
MO-20260702-ELD-N,02/07/2026,Eldoret,Night,OP-E03,ELD-P03,984.4,14.6,0,217,none
MO-20260506-KIS-N,06/05/2026,Kisumu,Night,OP-K03,KSM-P03,978.6,28.5,0,219,none
MO-20260822-MOM-N,22/08/2026,Mombasa,Night,OP-M03,MBA-P01,951.5,26.9,0,226,none
MO-20260416-MOM-N,16/04/2026,Mombasa,Night,OP-M04,MBA-P01,1001.9,33.4,0,216,none
MO-20260109-NAI-N,09/01/2026,Nairobi,Night,OP-N04,NBI-P04,1019.6,25.7,0,214,none
MO-20260224-NAI-N,24/02/2026,Nairobi,Night,OP-N04,NBI-P04,1029.7,25.6,0,212,none
MO-20260315-MOM-D,15/03/2026,Mombasa,Day,OP-M02,MBA-P03,1110.5,34.6,0,214,none
MO-20260501-MOM-N,01/05/2026,Mombasa,Night,OP-M01,MBA-P03,1019.5,31.4,0,210,none
MO-20260623-KIS-D,23/06/2026,Kisumu,Day,OP-K03,KSM-P03,1067.6,22.7,0,221,none
MO-20261031-KIS-D,31/10/2026,Kisumu,Day,OP-K01,KSM-P01,1069.0,24.8,0,224,none
MO-20261220-KIS-D,20/12/2026,Kisumu,Day,OP-K01,KSM-P03,963.5,29.4,0,223,none
MO-20260512-ELD-N,12/05/2026,Eldoret,Night,OP-E03,ELD-P02,927.7,19.8,0,224,none
MO-20260411-ELD-D,11/04/2026,Eldoret,Day,OP-E01,ELD-P03,915.9,19.0,0,219,none
MO-20260711-MOM-D,11/07/2026,Mombasa,Day,OP-M02,MBA-P03,1050.4,25.3,0,222,none
MO-20260913-MOM-D,13/09/2026,Mombasa,Day,OP-M03,MBA-P01,1051.2,24.4,0,223,none
MO-20260203-NAI-D,03/02/2026,Nairobi,Day,OP-N05,NBI-P03,658.5,27.4,1,222,missed_maintenance
MO-20260912-ELD-D,12/09/2026,Eldoret,Day,OP-E01,ELD-P01,1050.1,13.5,0,218,none
MO-20260930-MOM-N,30/09/2026,Mombasa,Night,OP-M04,MBA-P01,1056.9,28.8,0,212,none
MO-20260216-ELD-D,16/02/2026,Eldoret,Day,OP-E02,ELD-P02,896.7,22.9,0,221,none
MO-20260417-MOM-D,17/04/2026,Mombasa,Day,OP-M02,MBA-P01,1202.7,36.1,0,219,none
MO-20261125-MOM-N,25/11/2026,Mombasa,Night,OP-M04,MBA-P02,984.7,32.4,0,235,none
MO-20260808-KIS-N,08/08/2026,Kisumu,Night,OP-K03,KSM-P03,926.6,23.6,0,222,none
MO-20260512-NAI-N,12/05/2026,Nairobi,Night,OP-N05,NBI-P03,536.2,25.3,1,223,missed_maintenance
MO-20260328-KIS-D,28/03/2026,Kisumu,Day,OP-K01,KSM-P03,1089.7,34.1,0,218,none
MO-20260421-MOM-N,21/04/2026,Mombasa,Night,OP-M04,MBA-P01,572.9,30.6,0,214,operator_blunder
MO-20260815-NAI-N,15/08/2026,Nairobi,Night,OP-N01,NBI-P03,568.1,24.1,1,238,missed_maintenance
MO-20260805-NAI-N,05/08/2026,Nairobi,Night,OP-N05,NBI-P03,558.5,21.2,1,223,missed_maintenance
MO-20260615-MOM-N,15/06/2026,Mombasa,Night,OP-M02,MBA-P03,908.2,25.8,0,220,none
MO-20260426-NAI-D,26/04/2026,Nairobi,Day,OP-N03,NBI-P03,612.5,26.4,1,226,missed_maintenance
MO-20260112-KIS-N,12/01/2026,Kisumu,Night,OP-K01,KSM-P02,880.2,27.2,0,205,none
MO-20260509-MOM-N,09/05/2026,Mombasa,Night,OP-M01,MBA-P03,1076.4,34.5,0,220,none
MO-20260630-NAI-D,30/06/2026,Nairobi,Day,OP-N04,NBI-P02,1070.0,16.8,0,222,none
MO-20260923-NAI-N,23/09/2026,Nairobi,Night,OP-N04,NBI-P01,954.2,18.7,0,224,none
MO-20260711-KIS-N,11/07/2026,Kisumu,Night,OP-K02,KSM-P03,1004.1,25.5,0,222,none
MO-20260930-NAI-D,30/09/2026,Nairobi,Day,OP-N03,NBI-P03,656.4,20.2,1,238,missed_maintenance
MO-20261123-MOM-D,23/11/2026,Mombasa,Day,OP-M03,MBA-P01,953.7,31.9,0,229,none
MO-20260312-ELD-N,12/03/2026,Eldoret,Night,OP-E02,ELD-P02,975.2,21.2,0,220,none
MO-20260814-NAI-N,14/08/2026,Nairobi,Night,OP-N01,NBI-P04,964.3,20.9,0,223,none
MO-20260326-NAI-N,26/03/2026,Nairobi,Night,OP-N02,NBI-P03,597.0,29.6,1,215,missed_maintenance
MO-20260508-MOM-D,08/05/2026,Mombasa,Day,OP-M01,MBA-P02,1023.1,35.0,0,232,none
MO-20260510-ELD-N,10/05/2026,Eldoret,Night,OP-E03,ELD-P02,1104.6,22.8,0,218,none
MO-20260408-NAI-D,08/04/2026,Nairobi,Day,OP-N05,NBI-P03,666.8,26.4,1,207,missed_maintenance
MO-20260129-KIS-N,29/01/2026,Kisumu,Night,OP-K02,KSM-P01,960.1,31.8,0,225,none
MO-20260428-NAI-D,28/04/2026,Nairobi,Day,OP-N01,NBI-P03,596.0,28.7,1,227,missed_maintenance
MO-20260823-KIS-D,23/08/2026,Kisumu,Day,OP-K03,KSM-P03,1016.7,21.2,0,222,none
MO-20260520-ELD-D,20/05/2026,Eldoret,Day,OP-E03,ELD-P02,981.7,21.8,0,224,none
MO-20260812-MOM-N,12/08/2026,Mombasa,Night,OP-M03,MBA-P03,919.6,22.6,0,210,none
MO-20260917-MOM-D,17/09/2026,Mombasa,Day,OP-M04,MBA-P03,1072.0,26.2,0,224,none
MO-20261208-KIS-N,08/12/2026,Kisumu,Night,OP-K01,KSM-P03,745.1,25.6,0,216,none
MO-20260221-KIS-N,21/02/2026,Kisumu,Night,OP-K03,KSM-P02,944.1,30.4,0,215,none
MO-20260306-ELD-N,06/03/2026,Eldoret,Night,OP-E02,ELD-P01,1014.2,24.6,0,225,none
MO-20260729-NAI-D,29/07/2026,Nairobi,Day,OP-N02,NBI-P02,1114.3,22.2,0,226,none
MO-20261103-ELD-N,03/11/2026,Eldoret,Night,OP-E03,ELD-P01,929.9,15.6,0,224,none
MO-20260916-MOM-N,16/09/2026,Mombasa,Night,OP-M02,MBA-P01,899.9,24.1,0,225,none
MO-20260602-MOM-N,02/06/2026,Mombasa,Night,OP-M04,MBA-P03,984.3,30.1,0,220,none
MO-20260403-MOM-D,03/04/2026,Mombasa,Day,OP-M02,MBA-P02,1071.2,35.7,0,214,none
MO-20260310-MOM-N,10/03/2026,Mombasa,Night,OP-M02,MBA-P02,999.5,34.6,0,228,none
MO-20260927-KIS-N,27/09/2026,Kisumu,Night,OP-K03,KSM-P03,845.7,18.4,0,226,none
MO-20260207-KIS-D,07/02/2026,Kisumu,Day,OP-K03,KSM-P01,1011.2,31.0,0,218,none
MO-20260622-NAI-D,22/06/2026,Nairobi,Day,OP-N05,NBI-P02,1061.9,24.6,0,224,none
MO-20260305-KIS-N,05/03/2026,Kisumu,Night,OP-K03,KSM-P03,987.8,32.7,0,218,none
MO-20260218-MOM-D,18/02/2026,Mombasa,Day,OP-M03,MBA-P02,1099.0,35.9,0,220,none
MO-20260313-ELD-N,13/03/2026,Eldoret,Night,OP-E02,ELD-P02,857.1,25.1,0,218,none
MO-20261115-MOM-D,15/11/2026,Mombasa,Day,OP-M04,MBA-P02,962.8,30.0,0,230,none
MO-20260527-NAI-N,27/05/2026,Nairobi,Night,OP-N03,NBI-P03,549.7,26.7,1,228,missed_maintenance
MO-20261015-MOM-N,15/10/2026,Mombasa,Night,OP-M02,MBA-P03,1013.9,27.5,0,212,none
MO-20261025-KIS-D,25/10/2026,Kisumu,Day,OP-K02,KSM-P03,950.8,26.0,0,226,none
MO-20260220-NAI-D,20/02/2026,Nairobi,Day,OP-N02,NBI-P03,638.9,26.7,1,225,missed_maintenance
MO-20260607-ELD-D,07/06/2026,Eldoret,Day,OP-E02,ELD-P03,1090.3,17.6,0,225,none
MO-20260329-MOM-N,29/03/2026,Mombasa,Night,OP-M03,MBA-P02,1113.0,34.1,0,220,none
MO-20260728-NAI-D,28/07/2026,Nairobi,Day,OP-N03,NBI-P03,609.0,20.2,1,226,missed_maintenance
MO-20260824-MOM-N,24/08/2026,Mombasa,Night,OP-M01,MBA-P02,1124.3,23.3,0,220,none
MO-20261113-MOM-D,13/11/2026,Mombasa,Day,OP-M04,MBA-P01,1150.2,29.3,0,216,none
MO-20261231-MOM-N,31/12/2026,Mombasa,Night,OP-M02,MBA-P02,918.3,33.3,0,223,none
MO-20260816-NAI-D,16/08/2026,Nairobi,Day,OP-N03,NBI-P01,690.7,18.6,0,219,operator_blunder
MO-20260916-NAI-N,16/09/2026,Nairobi,Night,OP-N04,NBI-P03,602.9,20.8,1,218,missed_maintenance
MO-20260304-ELD-N,04/03/2026,Eldoret,Night,OP-E02,ELD-P01,905.5,23.3,0,222,none
MO-20260620-ELD-N,20/06/2026,Eldoret,Night,OP-E02,ELD-P01,941.9,16.6,0,222,none
MO-20260731-ELD-N,31/07/2026,Eldoret,Night,OP-E02,ELD-P01,1008.7,13.3,0,219,none
MO-20260831-NAI-D,31/08/2026,Nairobi,Day,OP-N01,NBI-P03,591.8,20.1,1,224,missed_maintenance
MO-20260905-ELD-N,05/09/2026,Eldoret,Night,OP-E03,ELD-P01,892.3,15.6,0,230,none
MO-20260804-KIS-D,04/08/2026,Kisumu,Day,OP-K03,KSM-P03,974.7,22.7,0,228,none
MO-20260115-NAI-D,15/01/2026,Nairobi,Day,OP-N03,NBI-P02,1078.2,29.8,0,233,none
MO-20261011-NAI-D,11/10/2026,Nairobi,Day,OP-N03,NBI-P03,647.2,14.9,1,218,missed_maintenance
MO-20260802-ELD-N,02/08/2026,Eldoret,Night,OP-E02,ELD-P01,963.8,16.3,0,220,none
MO-20260103-MOM-N,03/01/2026,Mombasa,Night,OP-M02,MBA-P02,1026.5,32.3,0,213,none
MO-20260505-MOM-N,05/05/2026,Mombasa,Night,OP-M01,MBA-P02,1007.1,31.6,0,220,none
MO-20260714-ELD-N,14/07/2026,Eldoret,Night,OP-E01,ELD-P01,915.2,16.3,0,227,none
MO-20260913-ELD-D,13/09/2026,Eldoret,Day,OP-E01,ELD-P03,849.9,13.0,0,223,none
MO-20260618-KIS-N,18/06/2026,Kisumu,Night,OP-K03,KSM-P01,994.2,23.2,0,221,none
MO-20260208-KIS-N,08/02/2026,Kisumu,Night,OP-K02,KSM-P03,950.9,32.2,0,221,none
MO-20260617-NAI-D,17/06/2026,Nairobi,Day,OP-N01,NBI-P03,629.5,25.4,1,213,missed_maintenance
MO-20260127-ELD-N,27/01/2026,Eldoret,Night,OP-E01,ELD-P02,793.5,24.3,0,228,none
MO-20260713-KIS-N,13/07/2026,Kisumu,Night,OP-K03,KSM-P03,904.8,24.9,0,220,none
MO-20261206-NAI-N,06/12/2026,Nairobi,Night,OP-N05,NBI-P02,644.3,24.0,0,223,operator_blunder
MO-20260707-ELD-D,07/07/2026,Eldoret,Day,OP-E02,ELD-P03,1021.9,17.1,0,226,none
MO-20260728-KIS-N,28/07/2026,Kisumu,Night,OP-K01,KSM-P03,928.7,23.5,0,218,none
MO-20260220-NAI-N,20/02/2026,Nairobi,Night,OP-N04,NBI-P03,503.6,29.6,1,222,missed_maintenance
MO-20260226-KIS-D,26/02/2026,Kisumu,Day,OP-K02,KSM-P03,1020.5,32.5,0,217,none
MO-20260904-KIS-D,04/09/2026,Kisumu,Day,OP-K03,KSM-P01,1089.2,23.1,0,212,none
MO-20260325-NAI-D,25/03/2026,Nairobi,Day,OP-N02,NBI-P03,608.5,30.0,1,230,missed_maintenance
MO-20260828-KIS-N,28/08/2026,Kisumu,Night,OP-K02,KSM-P03,1075.7,22.7,0,215,none
MO-20261220-NAI-D,20/12/2026,Nairobi,Day,OP-N03,NBI-P02,1018.7,22.4,0,222,none
MO-20260803-ELD-N,03/08/2026,Eldoret,Night,OP-E03,ELD-P01,968.3,15.3,0,206,none
MO-20261126-NAI-D,26/11/2026,Nairobi,Day,OP-N01,NBI-P03,617.2,21.4,1,216,missed_maintenance
MO-20260819-NAI-D,19/08/2026,Nairobi,Day,OP-N03,NBI-P03,647.9,18.0,1,214,missed_maintenance
MO-20260927-ELD-N,27/09/2026,Eldoret,Night,OP-E02,ELD-P03,915.7,15.8,0,217,none
MO-20261014-NAI-N,14/10/2026,Nairobi,Night,OP-N03,NBI-P03,302.8,20.3,1,217,brief_equipment_fault
MO-20260520-NAI-D,20/05/2026,Nairobi,Day,OP-N02,NBI-P03,645.6,27.9,1,223,missed_maintenance
MO-20260805-ELD-N,05/08/2026,Eldoret,Night,OP-E03,ELD-P03,919.7,18.7,0,212,none
MO-20260811-MOM-N,11/08/2026,Mombasa,Night,OP-M02,MBA-P03,1015.8,25.4,0,210,none
MO-20260812-KIS-D,12/08/2026,Kisumu,Day,OP-K03,KSM-P03,988.2,23.7,0,218,none
MO-20260904-NAI-D,04/09/2026,Nairobi,Day,OP-N02,NBI-P03,596.0,18.2,1,223,missed_maintenance
MO-20260121-MOM-D,21/01/2026,Mombasa,Day,OP-M01,MBA-P03,1103.2,34.8,0,234,none
MO-20260513-NAI-D,13/05/2026,Nairobi,Day,OP-N01,NBI-P03,585.1,24.2,1,223,missed_maintenance
MO-20261120-NAI-D,20/11/2026,Nairobi,Day,OP-N01,NBI-P03,560.8,21.7,1,223,missed_maintenance
MO-20260611-NAI-D,11/06/2026,Nairobi,Day,OP-N05,NBI-P03,726.2,23.7,1,221,missed_maintenance
MO-20260919-ELD-D,19/09/2026,Eldoret,Day,OP-E02,ELD-P03,1000.0,12.0,0,225,none
MO-20261226-MOM-N,26/12/2026,Mombasa,Night,OP-M02,MBA-P01,915.9,31.3,0,215,none
MO-20261108-NAI-D,08/11/2026,Nairobi,Day,OP-N01,NBI-P03,580.7,19.1,1,230,missed_maintenance
MO-20260326-MOM-D,26/03/2026,Mombasa,Day,OP-M03,MBA-P01,1140.2,35.2,0,224,none
MO-20260107-MOM-D,07/01/2026,Mombasa,Day,OP-M01,MBA-P03,1046.5,29.9,0,223,none
MO-20260412-MOM-N,12/04/2026,Mombasa,Night,OP-M02,MBA-P02,1105.2,32.9,0,211,none
MO-20260316-ELD-D,16/03/2026,Eldoret,Day,OP-E02,ELD-P02,1063.9,23.4,0,223,none
MO-20260226-MOM-N,26/02/2026,Mombasa,Night,OP-M03,MBA-P01,890.9,34.3,0,220,none
MO-20261127-ELD-N,27/11/2026,Eldoret,Night,OP-E01,ELD-P03,898.4,14.7,0,214,none
MO-20261229-KIS-D,29/12/2026,Kisumu,Day,OP-K02,KSM-P02,1022.4,28.6,0,229,none
MO-20260829-ELD-N,29/08/2026,Eldoret,Night,OP-E01,ELD-P03,971.5,15.1,0,213,none
MO-20260822-ELD-D,22/08/2026,Eldoret,Day,OP-E01,ELD-P01,1005.3,18.3,0,221,none
MO-20260612-KIS-N,12/06/2026,Kisumu,Night,OP-K01,KSM-P02,897.0,24.1,0,221,none
MO-20260716-MOM-N,16/07/2026,Mombasa,Night,OP-M04,MBA-P03,940.8,26.1,0,205,none
MO-20261002-MOM-N,02/10/2026,Mombasa,Night,OP-M03,MBA-P03,1018.2,28.5,0,218,none
MO-20260729-KIS-D,29/07/2026,Kisumu,Day,OP-K03,KSM-P01,1041.8,25.1,0,219,none
MO-20260726-NAI-N,26/07/2026,Nairobi,Night,OP-N05,NBI-P03,575.7,21.9,1,210,missed_maintenance
MO-20260922-NAI-D,22/09/2026,Nairobi,Day,OP-N01,NBI-P03,599.1,19.7,1,218,missed_maintenance
MO-20260901-MOM-D,01/09/2026,Mombasa,Day,OP-M01,MBA-P01,965.5,24.3,0,222,none
MO-20260821-ELD-N,21/08/2026,Eldoret,Night,OP-E03,ELD-P02,510.1,16.4,0,213,operator_blunder
MO-20261021-ELD-D,21/10/2026,Eldoret,Day,OP-E03,ELD-P01,1011.8,15.5,0,216,none
MO-20260904-MOM-N,04/09/2026,Mombasa,Night,OP-M01,MBA-P01,872.5,23.6,0,224,none
MO-20260420-KIS-N,20/04/2026,Kisumu,Night,OP-K02,KSM-P02,1012.7,31.4,0,223,none
MO-20260703-KIS-N,03/07/2026,Kisumu,Night,OP-K03,KSM-P01,997.2,26.3,0,220,none
MO-20261028-ELD-D,28/10/2026,Eldoret,Day,OP-E01,ELD-P02,941.6,12.7,0,228,none
MO-20261206-MOM-D,06/12/2026,Mombasa,Day,OP-M01,MBA-P01,1041.4,29.8,0,222,none
MO-20260527-ELD-D,27/05/2026,Eldoret,Day,OP-E01,ELD-P02,951.2,20.0,0,216,none
MO-20260415-KIS-N,15/04/2026,Kisumu,Night,OP-K02,KSM-P02,979.3,30.8,0,213,none
MO-20261207-ELD-D,07/12/2026,Eldoret,Day,OP-E01,ELD-P01,965.2,19.3,0,226,none
MO-20260406-KIS-D,06/04/2026,Kisumu,Day,OP-K01,KSM-P01,993.6,31.8,0,223,none
MO-20260204-KIS-N,04/02/2026,Kisumu,Night,OP-K02,KSM-P02,1009.9,30.6,0,214,none
MO-20261023-KIS-N,23/10/2026,Kisumu,Night,OP-K02,KSM-P03,855.8,23.9,0,233,none
MO-20261227-ELD-N,27/12/2026,Eldoret,Night,OP-E02,ELD-P01,854.9,20.6,0,215,none
MO-20260308-KIS-N,08/03/2026,Kisumu,Night,OP-K01,KSM-P02,902.0,30.3,0,216,none
MO-20261208-NAI-N,08/12/2026,Nairobi,Night,OP-N05,NBI-P03,562.2,21.0,1,228,missed_maintenance
MO-20260702-ELD-D,02/07/2026,Eldoret,Day,OP-E03,ELD-P02,925.0,16.3,0,226,none
MO-20260502-KIS-N,02/05/2026,Kisumu,Night,OP-K02,KSM-P02,988.6,28.1,0,213,none
MO-20260204-NAI-N,04/02/2026,Nairobi,Night,OP-N01,NBI-P03,787.2,26.7,1,232,missed_maintenance
MO-20260415-MOM-D,15/04/2026,Mombasa,Day,OP-M04,MBA-P02,1002.4,33.8,0,231,none
MO-20261009-NAI-D,09/10/2026,Nairobi,Day,OP-N05,NBI-P03,712.5,19.3,1,230,missed_maintenance
MO-20260905-NAI-N,05/09/2026,Nairobi,Night,OP-N01,NBI-P03,537.3,20.4,1,223,missed_maintenance
MO-20260331-ELD-N,31/03/2026,Eldoret,Night,OP-E02,ELD-P01,993.0,23.0,0,221,none
MO-20260829-NAI-N,29/08/2026,Nairobi,Night,OP-N03,NBI-P03,597.0,18.8,1,223,missed_maintenance
MO-20260315-ELD-D,15/03/2026,Eldoret,Day,OP-E01,ELD-P01,986.4,21.3,0,218,none
MO-20260802-MOM-D,02/08/2026,Mombasa,Day,OP-M04,MBA-P03,956.8,27.7,0,221,none
MO-20260330-KIS-N,30/03/2026,Kisumu,Night,OP-K02,KSM-P03,1032.6,31.2,0,219,none
MO-20260607-KIS-D,07/06/2026,Kisumu,Day,OP-K01,KSM-P02,1046.2,25.1,0,229,none
MO-20260703-KIS-D,03/07/2026,Kisumu,Day,OP-K02,KSM-P02,1011.1,24.2,0,223,none
MO-20261215-ELD-D,15/12/2026,Eldoret,Day,OP-E03,ELD-P02,906.5,20.0,0,230,none
MO-20260125-KIS-N,25/01/2026,Kisumu,Night,OP-K03,KSM-P02,953.0,31.2,0,213,none
MO-20260209-MOM-D,09/02/2026,Mombasa,Day,OP-M01,MBA-P01,1056.3,35.0,0,224,none
MO-20260218-MOM-N,18/02/2026,Mombasa,Night,OP-M01,MBA-P02,1077.8,33.9,0,224,none
MO-20261026-ELD-D,26/10/2026,Eldoret,Day,OP-E03,ELD-P03,960.8,17.1,0,229,none
MO-20260929-ELD-D,29/09/2026,Eldoret,Day,OP-E02,ELD-P03,927.2,12.6,0,233,none
MO-20261112-NAI-D,12/11/2026,Nairobi,Day,OP-N01,NBI-P03,661.3,21.0,1,223,missed_maintenance
MO-20260609-NAI-N,09/06/2026,Nairobi,Night,OP-N04,NBI-P03,580.1,23.1,1,207,missed_maintenance
MO-20260129-MOM-N,29/01/2026,Mombasa,Night,OP-M03,MBA-P02,996.9,36.5,0,220,none
MO-20261102-NAI-D,02/11/2026,Nairobi,Day,OP-N01,NBI-P03,605.0,22.9,1,231,missed_maintenance
MO-20261031-KIS-N,31/10/2026,Kisumu,Night,OP-K01,KSM-P02,980.7,25.2,0,218,none
MO-20260530-ELD-D,30/05/2026,Eldoret,Day,OP-E01,ELD-P01,923.0,21.4,0,217,none
MO-20260331-MOM-D,31/03/2026,Mombasa,Day,OP-M02,MBA-P01,1060.7,31.8,0,218,none
MO-20260731-MOM-N,31/07/2026,Mombasa,Night,OP-M03,MBA-P02,1023.7,26.8,0,222,none
MO-20260110-NAI-D,10/01/2026,Nairobi,Day,OP-N04,NBI-P03,1047.6,27.5,0,220,none
MO-20260107-ELD-N,07/01/2026,Eldoret,Night,OP-E01,ELD-P02,855.0,16.9,0,220,none
MO-20261126-NAI-N,26/11/2026,Nairobi,Night,OP-N05,NBI-P03,631.7,22.9,1,212,missed_maintenance
MO-20260722-NAI-D,22/07/2026,Nairobi,Day,OP-N05,NBI-P01,1040.1,18.9,0,223,none
MO-20260612-ELD-D,12/06/2026,Eldoret,Day,OP-E02,ELD-P02,977.5,14.6,0,223,none
MO-20260731-KIS-N,31/07/2026,Kisumu,Night,OP-K02,KSM-P01,604.0,24.7,0,216,operator_blunder
MO-20260625-MOM-N,25/06/2026,Mombasa,Night,OP-M02,MBA-P02,950.7,29.5,0,220,none
MO-20260827-MOM-D,27/08/2026,Mombasa,Day,OP-M03,MBA-P03,997.0,24.2,0,222,none
MO-20261102-MOM-D,02/11/2026,Mombasa,Day,OP-M02,MBA-P03,1026.8,31.1,0,229,none
MO-20261215-KIS-D,15/12/2026,Kisumu,Day,OP-K03,KSM-P02,959.6,27.7,0,227,none
MO-20260807-NAI-D,07/08/2026,Nairobi,Day,OP-N03,NBI-P03,614.2,20.5,1,225,missed_maintenance
MO-20260717-NAI-D,17/07/2026,Nairobi,Day,OP-N01,NBI-P03,641.2,18.7,1,219,missed_maintenance
MO-20261016-MOM-N,16/10/2026,Mombasa,Night,OP-M01,MBA-P01,994.0,27.6,0,220,none
MO-20261013-KIS-N,13/10/2026,Kisumu,Night,OP-K03,KSM-P02,928.3,22.1,0,230,none
MO-20260111-KIS-D,11/01/2026,Kisumu,Day,OP-K03,KSM-P02,974.7,30.8,0,216,none
MO-20260415-MOM-N,15/04/2026,Mombasa,Night,OP-M02,MBA-P02,1029.6,36.6,0,218,none
MO-20260216-KIS-N,16/02/2026,Kisumu,Night,OP-K03,KSM-P03,1038.4,28.2,0,216,none
MO-20261020-MOM-D,20/10/2026,Mombasa,Day,OP-M03,MBA-P02,1036.6,25.6,0,231,none
MO-20260716-NAI-D,16/07/2026,Nairobi,Day,OP-N03,NBI-P03,578.3,22.5,1,222,missed_maintenance
MO-20261018-NAI-D,18/10/2026,Nairobi,Day,OP-N05,NBI-P03,681.0,17.7,1,227,missed_maintenance
MO-20260903-MOM-D,03/09/2026,Mombasa,Day,OP-M04,MBA-P01,963.7,25.3,0,225,none
MO-20260801-NAI-N,01/08/2026,Nairobi,Night,OP-N01,NBI-P03,646.8,19.9,1,217,missed_maintenance
MO-20260303-KIS-N,03/03/2026,Kisumu,Night,OP-K02,KSM-P01,879.9,35.6,0,226,none
MO-20260919-NAI-N,19/09/2026,Nairobi,Night,OP-N02,NBI-P03,703.9,17.4,1,206,missed_maintenance
MO-20261001-NAI-D,01/10/2026,Nairobi,Day,OP-N04,NBI-P03,573.6,20.9,1,215,missed_maintenance
MO-20260510-KIS-D,10/05/2026,Kisumu,Day,OP-K01,KSM-P01,1093.4,30.5,0,221,none
MO-20261107-ELD-N,07/11/2026,Eldoret,Night,OP-E01,ELD-P03,960.7,16.9,0,225,none
MO-20260928-KIS-N,28/09/2026,Kisumu,Night,OP-K02,KSM-P01,974.4,19.8,0,223,none
MO-20260127-MOM-N,27/01/2026,Mombasa,Night,OP-M03,MBA-P03,963.3,33.9,0,221,none
MO-20261028-NAI-N,28/10/2026,Nairobi,Night,OP-N05,NBI-P03,570.4,19.8,1,228,missed_maintenance
MO-20260808-NAI-D,08/08/2026,Nairobi,Day,OP-N01,NBI-P03,734.5,19.2,1,217,missed_maintenance
MO-20261012-KIS-D,12/10/2026,Kisumu,Day,OP-K03,KSM-P01,988.1,22.1,0,230,none
MO-20260524-ELD-N,24/05/2026,Eldoret,Night,OP-E01,ELD-P01,1028.0,19.1,0,225,none
MO-20260620-KIS-N,20/06/2026,Kisumu,Night,OP-K02,KSM-P01,1029.3,26.9,0,222,none
MO-20260515-NAI-N,15/05/2026,Nairobi,Night,OP-N04,NBI-P01,1019.1,25.3,0,219,none
MO-20261003-KIS-N,03/10/2026,Kisumu,Night,OP-K02,KSM-P02,891.3,25.5,0,219,none
MO-20260813-MOM-N,13/08/2026,Mombasa,Night,OP-M01,MBA-P02,940.3,26.6,0,221,none
MO-20260522-KIS-D,22/05/2026,Kisumu,Day,OP-K03,KSM-P03,1027.2,28.8,0,218,none
MO-20260625-ELD-D,25/06/2026,Eldoret,Day,OP-E03,ELD-P03,1033.6,17.9,0,229,none
MO-20260216-MOM-D,16/02/2026,Mombasa,Day,OP-M02,MBA-P01,1098.6,34.2,0,214,none
MO-20260112-MOM-D,12/01/2026,Mombasa,Day,OP-M01,MBA-P01,1125.5,35.5,0,224,none
MO-20260907-NAI-N,07/09/2026,Nairobi,Night,OP-N02,NBI-P03,644.1,21.4,1,224,missed_maintenance
MO-20260914-KIS-N,14/09/2026,Kisumu,Night,OP-K03,KSM-P01,937.8,22.3,0,225,none
MO-20261112-NAI-N,12/11/2026,Nairobi,Night,OP-N03,NBI-P03,565.7,23.3,1,222,missed_maintenance
MO-20260729-MOM-D,29/07/2026,Mombasa,Day,OP-M04,MBA-P03,1091.9,29.1,0,221,none
MO-20260818-KIS-N,18/08/2026,Kisumu,Night,OP-K03,KSM-P02,960.3,23.0,0,218,none
MO-20260715-MOM-N,15/07/2026,Mombasa,Night,OP-M02,MBA-P02,1024.3,27.4,0,226,none
MO-20261024-KIS-N,24/10/2026,Kisumu,Night,OP-K01,KSM-P02,854.2,23.2,0,217,none
MO-20260621-ELD-D,21/06/2026,Eldoret,Day,OP-E03,ELD-P01,948.3,17.1,0,227,none
MO-20260908-ELD-D,08/09/2026,Eldoret,Day,OP-E01,ELD-P01,1047.0,13.0,0,230,none
MO-20261109-KIS-D,09/11/2026,Kisumu,Day,OP-K02,KSM-P02,978.7,22.3,0,223,none
MO-20261210-KIS-D,10/12/2026,Kisumu,Day,OP-K01,KSM-P03,1022.7,28.0,0,205,none
MO-20261106-ELD-N,06/11/2026,Eldoret,Night,OP-E02,ELD-P02,512.7,15.5,0,225,operator_blunder
MO-20260922-MOM-N,22/09/2026,Mombasa,Night,OP-M04,MBA-P02,976.8,24.2,0,223,none
MO-20260829-KIS-N,29/08/2026,Kisumu,Night,OP-K03,KSM-P01,961.1,20.2,0,211,none
MO-20260720-NAI-D,20/07/2026,Nairobi,Day,OP-N04,NBI-P01,1087.7,20.1,0,219,none
MO-20261125-ELD-N,25/11/2026,Eldoret,Night,OP-E02,ELD-P03,904.4,17.8,0,219,none
MO-20260224-KIS-N,24/02/2026,Kisumu,Night,OP-K01,KSM-P01,1085.7,31.9,0,216,none
MO-20260623-KIS-N,23/06/2026,Kisumu,Night,OP-K01,KSM-P03,854.0,26.3,0,217,none
MO-20261209-ELD-D,09/12/2026,Eldoret,Day,OP-E03,ELD-P02,940.2,21.9,0,220,none
MO-20260729-ELD-N,29/07/2026,Eldoret,Night,OP-E01,ELD-P01,922.7,16.1,0,222,none
MO-20260522-NAI-N,22/05/2026,Nairobi,Night,OP-N03,NBI-P03,633.0,28.4,1,224,missed_maintenance
MO-20260814-ELD-N,14/08/2026,Eldoret,Night,OP-E01,ELD-P03,947.4,18.6,0,224,none
MO-20260926-MOM-D,26/09/2026,Mombasa,Day,OP-M03,MBA-P01,1098.7,29.4,0,220,none
MO-20260213-ELD-N,13/02/2026,Eldoret,Night,OP-E03,ELD-P02,914.6,19.7,0,212,none
MO-20261227-KIS-N,27/12/2026,Kisumu,Night,OP-K02,KSM-P02,967.2,26.9,0,221,none
MO-20261215-MOM-N,15/12/2026,Mombasa,Night,OP-M02,MBA-P03,1154.3,31.3,0,221,none
MO-20261017-NAI-D,17/10/2026,Nairobi,Day,OP-N01,NBI-P03,588.7,19.7,1,224,missed_maintenance
MO-20260420-KIS-D,20/04/2026,Kisumu,Day,OP-K01,KSM-P03,1095.8,28.4,0,218,none
MO-20261121-NAI-D,21/11/2026,Nairobi,Day,OP-N05,NBI-P03,635.4,24.5,1,224,missed_maintenance
MO-20260818-MOM-N,18/08/2026,Mombasa,Night,OP-M03,MBA-P02,1004.9,28.0,0,225,none
MO-20260416-MOM-D,16/04/2026,Mombasa,Day,OP-M03,MBA-P01,1085.6,36.4,0,224,none
MO-20260209-KIS-N,09/02/2026,Kisumu,Night,OP-K03,KSM-P02,893.5,31.1,0,227,none
MO-20260207-KIS-N,07/02/2026,Kisumu,Night,OP-K01,KSM-P02,994.9,33.1,0,216,none
MO-20260430-ELD-D,30/04/2026,Eldoret,Day,OP-E01,ELD-P01,993.8,23.7,0,224,none
MO-20260420-ELD-D,20/04/2026,Eldoret,Day,OP-E02,ELD-P02,942.9,21.2,0,218,none
MO-20260227-MOM-N,27/02/2026,Mombasa,Night,OP-M03,MBA-P01,1004.4,31.5,0,226,none
MO-20260626-KIS-N,26/06/2026,Kisumu,Night,OP-K03,KSM-P03,877.1,25.1,0,214,none
MO-20260907-ELD-N,07/09/2026,Eldoret,Night,OP-E03,ELD-P03,810.0,14.8,0,222,none
MO-20261022-MOM-D,22/10/2026,Mombasa,Day,OP-M02,MBA-P03,1112.9,23.4,0,220,none
MO-20260221-MOM-D,21/02/2026,Mombasa,Day,OP-M02,MBA-P01,1106.9,32.2,0,231,none
MO-20260706-ELD-N,06/07/2026,Eldoret,Night,OP-E03,ELD-P03,1001.5,18.4,0,216,none
MO-20260628-KIS-D,28/06/2026,Kisumu,Day,OP-K02,KSM-P01,990.7,27.5,0,227,none
MO-20260825-NAI-D,25/08/2026,Nairobi,Day,OP-N03,NBI-P03,384.3,19.3,1,229,brief_equipment_fault
MO-20260121-KIS-D,21/01/2026,Kisumu,Day,OP-K02,KSM-P02,988.2,29.4,0,224,none
MO-20260718-MOM-N,18/07/2026,Mombasa,Night,OP-M02,MBA-P02,1037.0,28.4,0,219,none
MO-20260515-ELD-N,15/05/2026,Eldoret,Night,OP-E02,ELD-P01,813.3,24.0,0,223,none
MO-20260310-NAI-N,10/03/2026,Nairobi,Night,OP-N01,NBI-P03,628.2,25.4,1,214,missed_maintenance
MO-20261108-ELD-N,08/11/2026,Eldoret,Night,OP-E03,ELD-P02,846.0,13.5,0,217,none
MO-20260406-ELD-N,06/04/2026,Eldoret,Night,OP-E02,ELD-P02,894.8,22.2,0,212,none
MO-20260523-MOM-N,23/05/2026,Mombasa,Night,OP-M03,MBA-P01,948.3,31.0,0,221,none
MO-20261230-ELD-D,30/12/2026,Eldoret,Day,OP-E02,ELD-P01,964.5,18.9,0,231,none
MO-20260310-KIS-N,10/03/2026,Kisumu,Night,OP-K01,KSM-P02,922.6,33.0,0,214,none
MO-20260715-MOM-D,15/07/2026,Mombasa,Day,OP-M01,MBA-P03,1048.3,30.4,0,228,none
MO-20260506-MOM-D,06/05/2026,Mombasa,Day,OP-M02,MBA-P02,1133.0,29.9,0,228,none
MO-20261103-KIS-N,03/11/2026,Kisumu,Night,OP-K01,KSM-P01,915.1,23.9,0,214,none
MO-20260122-NAI-D,22/01/2026,Nairobi,Day,OP-N02,NBI-P01,1070.7,23.3,0,213,none
MO-20260916-NAI-D,16/09/2026,Nairobi,Day,OP-N03,NBI-P03,676.4,21.1,1,228,missed_maintenance
MO-20260209-KIS-D,09/02/2026,Kisumu,Day,OP-K03,KSM-P01,1065.1,28.1,0,228,none
MO-20260302-NAI-N,02/03/2026,Nairobi,Night,OP-N05,NBI-P03,296.5,28.0,1,219,brief_equipment_fault
MO-20260301-ELD-D,01/03/2026,Eldoret,Day,OP-E02,ELD-P02,962.9,21.0,0,214,none
MO-20260609-MOM-N,09/06/2026,Mombasa,Night,OP-M04,MBA-P01,924.5,31.6,0,211,none
MO-20260226-NAI-N,26/02/2026,Nairobi,Night,OP-N04,NBI-P03,625.8,25.5,1,217,missed_maintenance
MO-20261229-NAI-N,29/12/2026,Nairobi,Night,OP-N02,NBI-P03,607.9,24.9,1,224,missed_maintenance
MO-20260328-MOM-D,28/03/2026,Mombasa,Day,OP-M01,MBA-P01,964.0,32.6,0,229,none
MO-20260726-MOM-N,26/07/2026,Mombasa,Night,OP-M02,MBA-P02,1001.7,28.7,0,213,none
MO-20260211-NAI-D,11/02/2026,Nairobi,Day,OP-N04,NBI-P04,1128.1,28.0,0,222,none
MO-20261212-NAI-D,12/12/2026,Nairobi,Day,OP-N04,NBI-P03,594.5,27.1,1,217,missed_maintenance
MO-20260525-ELD-N,25/05/2026,Eldoret,Night,OP-E03,ELD-P02,861.8,20.7,0,217,none
MO-20260404-ELD-D,04/04/2026,Eldoret,Day,OP-E01,ELD-P02,1021.3,22.4,0,216,none
MO-20260911-MOM-D,11/09/2026,Mombasa,Day,OP-M02,MBA-P01,1085.7,25.5,0,229,none
MO-20260803-NAI-D,03/08/2026,Nairobi,Day,OP-N04,NBI-P03,631.0,22.2,1,222,missed_maintenance
MO-20260625-ELD-N,25/06/2026,Eldoret,Night,OP-E03,ELD-P01,894.5,15.4,0,219,none
MO-20260120-ELD-N,20/01/2026,Eldoret,Night,OP-E03,ELD-P02,993.6,23.2,0,207,none
MO-20260605-ELD-D,05/06/2026,Eldoret,Day,OP-E03,ELD-P02,1009.9,23.0,0,229,none
MO-20260208-ELD-N,08/02/2026,Eldoret,Night,OP-E02,ELD-P03,931.1,22.6,0,224,none
MO-20261209-MOM-D,09/12/2026,Mombasa,Day,OP-M02,MBA-P03,1050.4,31.2,0,219,none
MO-20261105-KIS-D,05/11/2026,Kisumu,Day,OP-K03,KSM-P02,1028.7,22.5,0,221,none
MO-20260926-ELD-D,26/09/2026,Eldoret,Day,OP-E02,ELD-P01,986.8,13.8,0,218,none
MO-20260130-ELD-N,30/01/2026,Eldoret,Night,OP-E03,ELD-P03,991.9,23.5,0,231,none
MO-20260531-ELD-D,31/05/2026,Eldoret,Day,OP-E02,ELD-P03,983.3,16.7,0,218,none
MO-20260707-MOM-N,07/07/2026,Mombasa,Night,OP-M03,MBA-P02,1020.0,30.6,0,227,none
MO-20261215-NAI-N,15/12/2026,Nairobi,Night,OP-N02,NBI-P01,1001.6,25.2,0,209,none
MO-20260111-KIS-N,11/01/2026,Kisumu,Night,OP-K02,KSM-P02,945.2,31.5,0,208,none
MO-20260804-ELD-N,04/08/2026,Eldoret,Night,OP-E02,ELD-P02,942.2,13.9,0,213,none
MO-20260711-NAI-D,11/07/2026,Nairobi,Day,OP-N05,NBI-P03,647.7,19.5,1,216,missed_maintenance
MO-20260723-ELD-N,23/07/2026,Eldoret,Night,OP-E03,ELD-P01,1021.4,12.3,0,232,none
MO-20260802-ELD-D,02/08/2026,Eldoret,Day,OP-E01,ELD-P03,1018.5,14.6,0,228,none
MO-20261014-ELD-D,14/10/2026,Eldoret,Day,OP-E02,ELD-P01,938.5,15.3,0,225,none
MO-20260417-KIS-D,17/04/2026,Kisumu,Day,OP-K02,KSM-P02,1047.1,30.3,0,223,none
MO-20261112-KIS-N,12/11/2026,Kisumu,Night,OP-K02,KSM-P01,1013.5,22.1,0,224,none
MO-20260309-NAI-N,09/03/2026,Nairobi,Night,OP-N03,NBI-P03,681.5,25.4,1,222,missed_maintenance
MO-20260712-MOM-D,12/07/2026,Mombasa,Day,OP-M03,MBA-P01,1022.2,29.6,0,228,none
MO-20260325-NAI-N,25/03/2026,Nairobi,Night,OP-N03,NBI-P03,587.1,28.2,1,220,missed_maintenance
MO-20260421-KIS-N,21/04/2026,Kisumu,Night,OP-K01,KSM-P03,863.3,28.8,0,223,none
MO-20260615-KIS-N,15/06/2026,Kisumu,Night,OP-K03,KSM-P01,917.8,31.0,0,227,none
MO-20260122-MOM-N,22/01/2026,Mombasa,Night,OP-M01,MBA-P03,990.3,31.3,0,225,none
MO-20260101-MOM-D,01/01/2026,Mombasa,Day,OP-M04,MBA-P03,1021.6,30.0,0,226,none
MO-20260522-KIS-N,22/05/2026,Kisumu,Night,OP-K01,KSM-P03,1015.2,29.8,0,229,none
MO-20260603-NAI-N,03/06/2026,Nairobi,Night,OP-N02,NBI-P03,630.4,25.1,1,223,missed_maintenance
MO-20261231-MOM-D,31/12/2026,Mombasa,Day,OP-M04,MBA-P01,974.7,30.1,0,218,none
MO-20260919-NAI-D,19/09/2026,Nairobi,Day,OP-N01,NBI-P03,642.5,19.1,1,224,missed_maintenance
MO-20260809-KIS-N,09/08/2026,Kisumu,Night,OP-K03,KSM-P03,987.0,22.9,0,224,none
MO-20260511-NAI-D,11/05/2026,Nairobi,Day,OP-N01,NBI-P03,712.3,25.4,1,219,missed_maintenance
MO-20260323-KIS-D,23/03/2026,Kisumu,Day,OP-K03,KSM-P02,1062.7,31.9,0,219,none
MO-20260322-NAI-N,22/03/2026,Nairobi,Night,OP-N01,NBI-P03,552.6,27.3,1,213,missed_maintenance
MO-20261225-MOM-D,25/12/2026,Mombasa,Day,OP-M02,MBA-P01,1035.7,32.7,0,231,none
MO-20260504-NAI-D,04/05/2026,Nairobi,Day,OP-N05,NBI-P03,633.0,28.8,1,218,missed_maintenance
MO-20260619-NAI-D,19/06/2026,Nairobi,Day,OP-N03,NBI-P04,1089.3,23.7,0,225,none
MO-20260818-NAI-D,18/08/2026,Nairobi,Day,OP-N04,NBI-P03,601.9,21.0,1,219,missed_maintenance
MO-20260401-MOM-N,01/04/2026,Mombasa,Night,OP-M03,MBA-P01,956.7,37.9,0,219,none
MO-20260222-ELD-N,22/02/2026,Eldoret,Night,OP-E02,ELD-P02,1080.7,23.2,0,230,none
MO-20260203-MOM-N,03/02/2026,Mombasa,Night,OP-M02,MBA-P03,985.6,34.8,0,210,none
MO-20261123-NAI-D,23/11/2026,Nairobi,Day,OP-N05,NBI-P03,612.4,22.3,1,224,missed_maintenance
MO-20261010-NAI-N,10/10/2026,Nairobi,Night,OP-N03,NBI-P03,637.2,20.6,1,232,missed_maintenance
MO-20261009-MOM-D,09/10/2026,Mombasa,Day,OP-M02,MBA-P01,917.2,27.7,0,224,none
MO-20260703-MOM-N,03/07/2026,Mombasa,Night,OP-M03,MBA-P01,962.5,30.2,0,229,none
MO-20260119-KIS-D,19/01/2026,Kisumu,Day,OP-K02,KSM-P02,1057.9,29.1,0,219,none
MO-20260723-KIS-D,23/07/2026,Kisumu,Day,OP-K02,KSM-P01,1071.4,27.4,0,232,none
MO-20260608-ELD-N,08/06/2026,Eldoret,Night,OP-E03,ELD-P03,986.6,17.3,0,217,none
MO-20260423-NAI-N,23/04/2026,Nairobi,Night,OP-N01,NBI-P03,654.0,28.5,1,220,missed_maintenance
MO-20261221-ELD-N,21/12/2026,Eldoret,Night,OP-E02,ELD-P01,974.9,20.6,0,224,none
MO-20260519-MOM-D,19/05/2026,Mombasa,Day,OP-M01,MBA-P03,1030.0,33.5,0,224,none
MO-20261004-KIS-N,04/10/2026,Kisumu,Night,OP-K03,KSM-P01,843.6,23.4,0,212,none
MO-20260402-ELD-D,02/04/2026,Eldoret,Day,OP-E01,ELD-P01,1035.4,25.8,0,224,none
MO-20261128-NAI-N,28/11/2026,Nairobi,Night,OP-N03,NBI-P04,1036.5,23.8,0,237,none
MO-20260113-MOM-D,13/01/2026,Mombasa,Day,OP-M04,MBA-P01,1095.5,32.8,0,228,none
MO-20260219-NAI-N,19/02/2026,Nairobi,Night,OP-N02,NBI-P03,808.1,31.5,1,223,missed_maintenance
MO-20260529-KIS-N,29/05/2026,Kisumu,Night,OP-K03,KSM-P01,958.9,28.2,0,219,none
MO-20260607-NAI-N,07/06/2026,Nairobi,Night,OP-N01,NBI-P02,911.2,25.6,0,232,none
MO-20260202-ELD-D,02/02/2026,Eldoret,Day,OP-E03,ELD-P03,903.8,21.8,0,220,none
MO-20260924-KIS-D,24/09/2026,Kisumu,Day,OP-K02,KSM-P03,878.3,24.7,0,217,none
MO-20260306-MOM-D,06/03/2026,Mombasa,Day,OP-M02,MBA-P01,1021.2,32.3,0,222,none
MO-20260901-KIS-N,01/09/2026,Kisumu,Night,OP-K02,KSM-P03,853.2,21.6,0,225,none
MO-20260709-KIS-D,09/07/2026,Kisumu,Day,OP-K03,KSM-P03,1011.7,23.6,0,230,none
MO-20260705-ELD-N,05/07/2026,Eldoret,Night,OP-E02,ELD-P01,869.6,14.3,0,225,none
MO-20260909-ELD-D,09/09/2026,Eldoret,Day,OP-E03,ELD-P02,962.2,18.2,0,224,none
MO-20261225-ELD-D,25/12/2026,Eldoret,Day,OP-E02,ELD-P02,1070.0,21.4,0,220,none
MO-20260821-MOM-D,21/08/2026,Mombasa,Day,OP-M03,MBA-P03,1130.6,28.1,0,222,none
MO-20260918-KIS-D,18/09/2026,Kisumu,Day,OP-K01,KSM-P01,971.0,21.4,0,225,none
MO-20260227-ELD-D,27/02/2026,Eldoret,Day,OP-E03,ELD-P02,939.4,25.4,0,227,none
MO-20260421-NAI-N,21/04/2026,Nairobi,Night,OP-N01,NBI-P03,587.0,27.2,1,219,missed_maintenance
MO-20261125-NAI-N,25/11/2026,Nairobi,Night,OP-N03,NBI-P03,553.6,24.8,1,223,missed_maintenance
MO-20260130-NAI-N,30/01/2026,Nairobi,Night,OP-N03,NBI-P01,967.7,27.8,0,207,none
MO-20261226-MOM-D,26/12/2026,Mombasa,Day,OP-M02,MBA-P03,1010.0,33.0,0,223,none
MO-20260619-KIS-N,19/06/2026,Kisumu,Night,OP-K03,KSM-P03,894.5,24.8,0,224,none
MO-20260613-NAI-D,13/06/2026,Nairobi,Day,OP-N01,NBI-P03,656.7,26.0,1,225,missed_maintenance
MO-20260526-ELD-D,26/05/2026,Eldoret,Day,OP-E03,ELD-P03,1067.1,18.8,0,221,none
MO-20260402-MOM-N,02/04/2026,Mombasa,Night,OP-M03,MBA-P02,1189.6,37.2,0,218,none
MO-20261031-ELD-N,31/10/2026,Eldoret,Night,OP-E02,ELD-P01,1033.7,15.2,0,211,none
MO-20260601-NAI-N,01/06/2026,Nairobi,Night,OP-N02,NBI-P03,608.9,25.7,1,215,missed_maintenance
MO-20260616-ELD-D,16/06/2026,Eldoret,Day,OP-E02,ELD-P02,960.3,17.5,0,230,none
MO-20260119-ELD-N,19/01/2026,Eldoret,Night,OP-E01,ELD-P01,1024.7,24.9,0,223,none
MO-20261006-NAI-D,06/10/2026,Nairobi,Day,OP-N04,NBI-P01,1050.7,17.3,0,226,none
MO-20260510-NAI-N,10/05/2026,Nairobi,Night,OP-N03,NBI-P03,602.2,24.6,1,212,missed_maintenance
MO-20261129-MOM-D,29/11/2026,Mombasa,Day,OP-M02,MBA-P01,1065.9,27.2,0,216,none
MO-20260909-ELD-N,09/09/2026,Eldoret,Night,OP-E02,ELD-P02,858.4,14.2,0,221,none
MO-20261206-KIS-D,06/12/2026,Kisumu,Day,OP-K02,KSM-P01,1034.1,26.1,0,233,none
MO-20260326-KIS-N,26/03/2026,Kisumu,Night,OP-K01,KSM-P01,1013.1,32.2,0,213,none
MO-20260519-ELD-D,19/05/2026,Eldoret,Day,OP-E02,ELD-P02,1086.2,21.5,0,235,none
MO-20261116-MOM-N,16/11/2026,Mombasa,Night,OP-M04,MBA-P01,984.7,27.9,0,212,none
MO-20261225-KIS-D,25/12/2026,Kisumu,Day,OP-K03,KSM-P01,1036.3,29.6,0,226,none
MO-20260905-ELD-D,05/09/2026,Eldoret,Day,OP-E02,ELD-P01,988.1,13.6,0,221,none
MO-20260322-NAI-D,22/03/2026,Nairobi,Day,OP-N01,NBI-P04,1104.9,31.7,0,226,none
MO-20260526-MOM-D,26/05/2026,Mombasa,Day,OP-M03,MBA-P02,1047.8,30.9,0,216,none
MO-20260525-MOM-D,25/05/2026,Mombasa,Day,OP-M04,MBA-P02,984.6,34.2,0,220,none
MO-20260404-NAI-D,04/04/2026,Nairobi,Day,OP-N01,NBI-P03,707.0,27.7,1,237,missed_maintenance
MO-20260611-KIS-D,11/06/2026,Kisumu,Day,,KSM-P01,1101.0,28.5,0,221,none
MO-20260423-KIS-N,23/04/2026,Kisumu,Night,OP-K02,KSM-P03,977.7,30.6,0,214,none
MO-20260224-MOM-N,24/02/2026,Mombasa,Night,OP-M03,MBA-P01,1148.2,38.0,0,218,none
MO-20260826-ELD-N,26/08/2026,Eldoret,Night,OP-E01,ELD-P02,947.5,14.0,0,217,none
MO-20261202-MOM-N,02/12/2026,Mombasa,Night,OP-M01,MBA-P02,1008.0,28.3,0,213,none
MO-20260129-NAI-D,29/01/2026,Nairobi,Day,,NBI-P02,1080.2,30.2,0,221,none
MO-20261227-NAI-D,27/12/2026,Nairobi,Day,OP-N01,NBI-P03,600.1,24.9,1,232,missed_maintenance
MO-20260114-MOM-N,14/01/2026,Mombasa,Night,OP-M02,MBA-P01,1021.5,30.1,0,219,none
MO-20260702-NAI-D,02/07/2026,Nairobi,Day,OP-N01,NBI-P03,642.1,22.9,1,220,missed_maintenance
MO-20260915-NAI-N,15/09/2026,Nairobi,Night,OP-N04,NBI-P03,592.1,19.0,1,223,missed_maintenance
MO-20260723-KIS-N,23/07/2026,Kisumu,Night,OP-K01,KSM-P02,868.0,25.8,0,212,none
MO-20260622-MOM-N,22/06/2026,Mombasa,Night,OP-M02,MBA-P03,921.0,27.5,0,224,none
MO-20260511-NAI-N,11/05/2026,Nairobi,Night,OP-N03,NBI-P03,650.2,24.4,1,214,missed_maintenance
MO-20260217-ELD-N,17/02/2026,Eldoret,Night,OP-E01,ELD-P01,837.1,25.6,0,214,none
MO-20260620-MOM-N,20/06/2026,Mombasa,Night,OP-M01,MBA-P02,1102.4,28.8,0,218,none
MO-20260830-ELD-D,30/08/2026,Eldoret,Day,OP-E02,ELD-P02,901.4,14.5,0,227,none
MO-20261207-ELD-N,07/12/2026,Eldoret,Night,OP-E03,ELD-P02,883.7,17.5,0,220,none
MO-20260615-MOM-D,15/06/2026,Mombasa,Day,OP-M01,MBA-P03,1045.3,32.1,0,224,none
MO-20260421-NAI-D,21/04/2026,Nairobi,Day,OP-N03,NBI-P03,537.2,27.2,1,222,missed_maintenance
MO-20260429-NAI-D,29/04/2026,Nairobi,Day,OP-N02,NBI-P03,650.9,26.1,1,220,missed_maintenance
MO-20260520-MOM-N,20/05/2026,Mombasa,Night,OP-M01,MBA-P02,1010.7,34.5,0,218,none
MO-20260219-KIS-N,19/02/2026,Kisumu,Night,OP-K02,KSM-P02,920.5,31.5,0,221,none
MO-20260217-MOM-N,17/02/2026,Mombasa,Night,OP-M02,MBA-P02,1062.1,36.3,0,220,none
MO-20260919-ELD-N,19/09/2026,Eldoret,Night,OP-E01,ELD-P02,930.3,13.5,0,229,none
MO-20261101-MOM-D,01/11/2026,Mombasa,Day,OP-M02,MBA-P02,1080.9,28.6,0,216,none
MO-20260819-MOM-D,19/08/2026,Mombasa,Day,OP-M03,MBA-P02,1099.6,27.1,0,228,none
MO-20260314-ELD-D,14/03/2026,Eldoret,Day,OP-E01,ELD-P03,954.2,24.2,0,222,none
MO-20261027-KIS-D,27/10/2026,Kisumu,Day,OP-K01,KSM-P02,974.6,23.3,0,224,none
MO-20260712-KIS-N,12/07/2026,Kisumu,Night,OP-K01,KSM-P03,575.4,24.2,0,217,brief_equipment_fault
MO-20260618-MOM-D,18/06/2026,Mombasa,Day,OP-M03,MBA-P03,1092.7,30.3,0,231,none
MO-20261201-NAI-N,01/12/2026,Nairobi,Night,OP-N04,NBI-P01,891.7,22.9,0,211,none
MO-20260105-MOM-D,05/01/2026,Mombasa,Day,OP-M02,MBA-P03,997.1,31.3,0,216,none
MO-20260506-ELD-D,06/05/2026,Eldoret,Day,OP-E02,ELD-P02,1030.4,21.8,0,214,none
MO-20260430-ELD-N,30/04/2026,Eldoret,Night,OP-E03,ELD-P03,918.8,22.8,0,215,none
MO-20260315-MOM-N,15/03/2026,Mombasa,Night,OP-M01,MBA-P03,1086.5,34.2,0,223,none
MO-20260825-KIS-N,25/08/2026,Kisumu,Night,OP-K01,KSM-P03,957.2,20.0,0,226,none
MO-20260716-NAI-N,16/07/2026,Nairobi,Night,OP-N01,NBI-P01,897.5,22.3,0,219,none
MO-20260302-NAI-D,02/03/2026,Nairobi,Day,OP-N05,NBI-P03,667.3,28.9,1,208,missed_maintenance
MO-20260422-KIS-D,22/04/2026,Kisumu,Day,OP-K03,KSM-P03,1037.9,33.8,0,226,none
MO-20260522-MOM-N,22/05/2026,Mombasa,Night,OP-M04,MBA-P01,874.3,34.0,0,224,none
MO-20260809-KIS-D,09/08/2026,Kisumu,Day,OP-K03,KSM-P03,1078.2,23.3,0,230,none
MO-20260719-KIS-N,19/07/2026,Kisumu,Night,OP-K03,KSM-P02,952.6,24.9,0,225,none
MO-20261128-KIS-D,28/11/2026,Kisumu,Day,OP-K03,KSM-P01,1026.4,24.5,0,227,none
MO-20260615-NAI-N,15/06/2026,Nairobi,Night,OP-N02,NBI-P01,929.4,22.2,0,214,none
MO-20260425-KIS-N,25/04/2026,Kisumu,Night,OP-K03,KSM-P03,989.0,32.7,0,221,none
MO-20260925-ELD-D,25/09/2026,Eldoret,Day,OP-E02,ELD-P02,901.3,15.6,0,228,none
MO-20260529-ELD-D,29/05/2026,Eldoret,Day,OP-E03,ELD-P02,977.6,19.3,0,236,none
MO-20260324-ELD-D,24/03/2026,Eldoret,Day,OP-E03,ELD-P02,980.5,26.4,0,235,none
MO-20260503-KIS-N,03/05/2026,Kisumu,Night,OP-K02,KSM-P01,1018.1,30.5,0,224,none
MO-20260607-MOM-N,07/06/2026,Mombasa,Night,OP-M03,MBA-P03,1075.5,30.7,0,222,none
MO-20261028-MOM-N,28/10/2026,Mombasa,Night,OP-M01,MBA-P01,1022.0,28.2,0,213,none
MO-20260206-NAI-N,06/02/2026,Nairobi,Night,OP-N04,NBI-P03,570.9,27.1,1,223,missed_maintenance
MO-20261008-NAI-N,08/10/2026,Nairobi,Night,OP-N03,NBI-P02,997.4,21.2,0,221,none
MO-20260801-ELD-D,01/08/2026,Eldoret,Day,OP-E03,ELD-P03,957.1,14.4,0,228,none
MO-20261106-MOM-D,06/11/2026,Mombasa,Day,OP-M01,MBA-P01,1024.6,24.9,0,225,none
MO-20260612-ELD-N,12/06/2026,Eldoret,Night,OP-E02,ELD-P02,935.8,15.8,0,216,none
MO-20260529-KIS-D,29/05/2026,Kisumu,Day,OP-K03,KSM-P03,1078.1,26.8,0,218,none
MO-20260818-ELD-N,18/08/2026,Eldoret,Night,OP-E01,ELD-P03,901.4,18.1,0,226,none
MO-20260919-MOM-D,19/09/2026,Mombasa,Day,OP-M02,MBA-P02,1118.5,25.1,0,230,none
MO-20260707-ELD-N,07/07/2026,Eldoret,Night,OP-E02,ELD-P01,965.1,15.9,0,220,none
MO-20260809-ELD-N,09/08/2026,Eldoret,Night,OP-E01,ELD-P03,1057.1,15.3,0,215,none
MO-20261125-MOM-D,25/11/2026,Mombasa,Day,OP-M03,MBA-P01,1104.6,29.1,0,218,none
MO-20261009-NAI-N,09/10/2026,Nairobi,Night,OP-N03,NBI-P03,673.3,21.6,1,225,missed_maintenance
MO-20261002-ELD-D,02/10/2026,Eldoret,Day,OP-E03,ELD-P03,818.3,13.9,0,217,none
MO-20260508-KIS-D,08/05/2026,Kisumu,Day,OP-K01,KSM-P03,1018.4,24.6,0,207,none
MO-20260925-MOM-D,25/09/2026,Mombasa,Day,OP-M04,MBA-P01,989.2,23.8,0,222,none
MO-20261123-NAI-N,23/11/2026,Nairobi,Night,OP-N03,NBI-P03,715.6,24.1,1,219,missed_maintenance
MO-20260914-NAI-N,14/09/2026,Nairobi,Night,OP-N03,NBI-P03,476.6,18.4,1,211,missed_maintenance
MO-20260401-MOM-D,01/04/2026,Mombasa,Day,OP-M04,MBA-P02,1157.7,32.8,0,223,none
MO-20260811-KIS-N,11/08/2026,Kisumu,Night,OP-K02,KSM-P03,811.3,24.4,0,214,none
MO-20260810-ELD-N,10/08/2026,Eldoret,Night,OP-E01,ELD-P02,908.4,16.1,0,218,none
MO-20260615-ELD-D,15/06/2026,Eldoret,Day,OP-E02,ELD-P01,988.9,16.6,0,217,none
MO-20260119-MOM-N,19/01/2026,Mombasa,Night,OP-M03,MBA-P02,975.3,36.3,0,211,none
MO-20260714-MOM-D,14/07/2026,Mombasa,Day,OP-M03,MBA-P01,1072.0,24.7,0,218,none
MO-20260622-KIS-D,22/06/2026,Kisumu,Day,OP-K02,KSM-P01,1115.9,24.3,0,230,none
MO-20260403-KIS-D,03/04/2026,Kisumu,Day,OP-K03,KSM-P01,971.5,30.5,0,220,none
MO-20261203-MOM-N,03/12/2026,Mombasa,Night,OP-M04,MBA-P01,1014.5,30.4,0,224,none
MO-20260507-NAI-N,07/05/2026,Nairobi,Night,OP-N03,NBI-P03,610.7,26.3,1,221,missed_maintenance
MO-20261207-MOM-D,07/12/2026,Mombasa,Day,OP-M01,MBA-P01,984.4,34.4,0,218,none
MO-20260521-MOM-D,21/05/2026,Mombasa,Day,OP-M01,MBA-P02,1088.0,33.4,0,227,none
MO-20261223-ELD-D,23/12/2026,Eldoret,Day,OP-E03,ELD-P01,915.3,19.8,0,222,none
MO-20260507-NAI-D,07/05/2026,Nairobi,Day,OP-N03,NBI-P03,402.6,23.9,1,231,operator_blunder
MO-20261113-NAI-D,13/11/2026,Nairobi,Day,OP-N02,NBI-P03,630.8,21.9,1,229,missed_maintenance
MO-20260405-MOM-D,05/04/2026,Mombasa,Day,OP-M03,MBA-P03,1048.3,34.5,0,220,none
MO-20260725-NAI-D,25/07/2026,Nairobi,Day,OP-N02,NBI-P03,641.3,19.4,1,224,missed_maintenance
MO-20261105-MOM-D,05/11/2026,Mombasa,Day,OP-M04,MBA-P01,1131.1,26.6,0,225,none
MO-20261201-MOM-N,01/12/2026,Mombasa,Night,OP-M04,MBA-P03,1009.8,30.3,0,220,none
MO-20260318-KIS-N,18/03/2026,Kisumu,Night,OP-K01,KSM-P03,992.2,31.0,0,229,none
MO-20260212-ELD-D,12/02/2026,Eldoret,Day,,ELD-P01,1032.8,22.4,0,222,none
MO-20260517-ELD-D,17/05/2026,Eldoret,Day,OP-E01,ELD-P03,548.2,19.9,0,232,operator_blunder
MO-20260812-NAI-D,12/08/2026,Nairobi,Day,OP-N01,NBI-P02,1074.8,20.5,0,219,none
MO-20260215-KIS-D,15/02/2026,Kisumu,Day,OP-K03,KSM-P02,1033.9,31.0,0,237,none
MO-20260419-KIS-N,19/04/2026,Kisumu,Night,OP-K02,KSM-P02,991.0,32.0,0,225,none
MO-20261121-ELD-N,21/11/2026,Eldoret,Night,OP-E02,ELD-P02,907.5,15.4,0,212,none
MO-20260720-MOM-D,20/07/2026,Mombasa,Day,OP-M04,MBA-P03,1029.6,28.3,0,224,none
MO-20261003-ELD-D,03/10/2026,Eldoret,Day,OP-E01,ELD-P02,910.3,17.0,0,223,none
MO-20260902-KIS-N,02/09/2026,Kisumu,Night,OP-K02,KSM-P01,958.2,18.9,0,227,none
MO-20261116-NAI-N,16/11/2026,Nairobi,Night,OP-N04,NBI-P03,583.7,23.4,1,219,missed_maintenance
MO-20260326-ELD-N,26/03/2026,Eldoret,Night,OP-E01,ELD-P02,907.8,21.2,0,209,none
MO-20260107-ELD-D,07/01/2026,Eldoret,Day,OP-E02,ELD-P03,982.1,20.9,0,225,none
MO-20260809-MOM-N,09/08/2026,Mombasa,Night,OP-M01,MBA-P02,871.6,28.4,0,221,none
MO-20260405-ELD-D,05/04/2026,Eldoret,Day,OP-E02,ELD-P01,1033.3,22.9,0,219,none
MO-20260220-KIS-D,20/02/2026,Kisumu,Day,OP-K01,KSM-P01,1178.3,32.6,0,233,none
MO-20260731-KIS-D,31/07/2026,Kisumu,Day,OP-K03,KSM-P02,977.1,23.9,0,224,none
MO-20260425-ELD-N,25/04/2026,Eldoret,Night,OP-E01,ELD-P03,950.2,24.1,0,226,none
MO-20260729-NAI-N,29/07/2026,Nairobi,Night,OP-N05,NBI-P02,965.2,21.0,0,228,none
MO-20260228-ELD-D,28/02/2026,Eldoret,Day,OP-E03,ELD-P02,950.0,20.7,0,217,none
MO-20260902-ELD-N,02/09/2026,Eldoret,Night,OP-E02,ELD-P01,775.3,15.2,0,215,none
MO-20261203-NAI-D,03/12/2026,Nairobi,Day,OP-N02,NBI-P03,703.7,23.7,1,228,missed_maintenance
MO-20260616-ELD-N,16/06/2026,Eldoret,Night,OP-E03,ELD-P01,896.8,17.7,0,223,none
MO-20261007-ELD-D,07/10/2026,Eldoret,Day,OP-E02,ELD-P02,1003.2,16.0,0,218,none
MO-20260604-NAI-D,04/06/2026,Nairobi,Day,OP-N05,NBI-P03,667.7,23.6,1,221,missed_maintenance
MO-20260918-ELD-N,18/09/2026,Eldoret,Night,OP-E01,ELD-P02,872.4,11.9,0,212,none
MO-20261107-NAI-D,07/11/2026,Nairobi,Day,OP-N04,NBI-P03,692.0,20.9,1,231,missed_maintenance
MO-20260405-ELD-N,05/04/2026,Eldoret,Night,OP-E02,ELD-P01,1021.5,19.0,0,222,none
MO-20260824-MOM-D,24/08/2026,Mombasa,Day,OP-M04,MBA-P01,1021.2,23.1,0,219,none
MO-20260731-ELD-D,31/07/2026,Eldoret,Day,OP-E02,ELD-P02,919.6,14.0,0,225,none
MO-20261230-MOM-D,30/12/2026,Mombasa,Day,OP-M03,MBA-P03,1048.3,33.1,0,238,none
MO-20260110-ELD-D,10/01/2026,Eldoret,Day,OP-E02,ELD-P02,1024.4,19.3,0,228,none
MO-20260626-MOM-N,26/06/2026,Mombasa,Night,OP-M02,MBA-P03,1086.5,28.3,0,225,none
MO-20260102-ELD-D,02/01/2026,Eldoret,Day,OP-E03,ELD-P01,989.8,22.4,0,214,none
MO-20260116-MOM-D,16/01/2026,Mombasa,Day,OP-M01,MBA-P02,1039.9,31.8,0,218,none
MO-20260114-ELD-D,14/01/2026,Eldoret,Day,OP-E02,ELD-P01,936.1,22.2,0,225,none
MO-20261115-KIS-D,15/11/2026,Kisumu,Day,OP-K03,KSM-P02,1004.3,27.5,0,229,none
MO-20260620-ELD-D,20/06/2026,Eldoret,Day,OP-E03,ELD-P03,911.8,16.2,0,234,none
MO-20260218-NAI-D,18/02/2026,Nairobi,Day,OP-N02,NBI-P03,647.4,31.1,1,221,missed_maintenance
MO-20260930-MOM-D,30/09/2026,Mombasa,Day,OP-M04,MBA-P03,995.1,22.1,0,219,none
MO-20260308-ELD-D,08/03/2026,Eldoret,Day,OP-E01,ELD-P03,1108.2,23.7,0,223,none
MO-20260123-KIS-N,23/01/2026,Kisumu,Night,OP-K01,KSM-P02,885.7,30.9,0,229,none
MO-20260730-NAI-N,30/07/2026,Nairobi,Night,OP-N04,NBI-P03,673.5,22.3,1,234,missed_maintenance
MO-20261019-NAI-D,19/10/2026,Nairobi,Day,OP-N04,NBI-P03,552.2,19.5,1,224,missed_maintenance
MO-20261224-MOM-N,24/12/2026,Mombasa,Night,OP-M04,MBA-P02,887.4,29.4,0,214,none
MO-20261111-MOM-D,11/11/2026,Mombasa,Day,OP-M01,MBA-P01,892.3,28.7,0,224,none
MO-20260329-NAI-D,29/03/2026,Nairobi,Day,OP-N02,NBI-P03,553.3,30.0,1,234,missed_maintenance
MO-20261115-NAI-D,15/11/2026,Nairobi,Day,OP-N05,NBI-P03,679.4,24.0,1,226,missed_maintenance
MO-20260424-KIS-D,24/04/2026,Kisumu,Day,OP-K01,KSM-P03,1034.1,29.3,0,229,none
MO-20260807-MOM-D,07/08/2026,Mombasa,Day,OP-M04,MBA-P03,1028.7,25.1,0,215,none
MO-20261111-KIS-N,11/11/2026,Kisumu,Night,OP-K01,KSM-P02,916.6,25.4,0,223,none
MO-20260429-KIS-D,29/04/2026,Kisumu,Day,OP-K03,KSM-P02,1029.5,28.8,0,223,none
MO-20260304-MOM-D,04/03/2026,Mombasa,Day,OP-M02,MBA-P01,1036.3,34.1,0,218,none
MO-20260603-ELD-D,03/06/2026,Eldoret,Day,OP-E02,ELD-P01,974.1,19.2,0,224,none
MO-20260215-ELD-N,15/02/2026,Eldoret,Night,OP-E01,ELD-P01,929.6,20.8,0,221,none
MO-20260519-ELD-N,19/05/2026,Eldoret,Night,OP-E03,ELD-P01,797.6,21.4,0,206,none
MO-20260325-MOM-D,25/03/2026,Mombasa,Day,OP-M03,MBA-P02,1039.4,33.5,0,216,none
MO-20260321-MOM-N,21/03/2026,Mombasa,Night,OP-M01,MBA-P02,995.8,33.8,0,220,none
MO-20260213-MOM-N,13/02/2026,Mombasa,Night,OP-M02,MBA-P02,858.8,33.5,0,216,none
MO-20261022-ELD-N,22/10/2026,Eldoret,Night,OP-E03,ELD-P01,874.3,12.9,0,219,none
MO-20260210-NAI-N,10/02/2026,Nairobi,Night,OP-N04,NBI-P02,1122.8,28.7,0,205,none
MO-20261130-KIS-N,30/11/2026,Kisumu,Night,OP-K03,KSM-P03,853.1,24.7,0,219,none
MO-20260617-KIS-N,17/06/2026,Kisumu,Night,OP-K02,KSM-P01,911.6,27.9,0,223,none
MO-20261215-MOM-D,15/12/2026,Mombasa,Day,OP-M03,MBA-P01,1070.9,32.8,0,219,none
MO-20260831-ELD-D,31/08/2026,Eldoret,Day,OP-E03,ELD-P01,917.3,14.7,0,228,none
MO-20260605-KIS-N,05/06/2026,Kisumu,Night,OP-K03,KSM-P02,885.7,25.2,0,221,none
MO-20260827-NAI-N,27/08/2026,Nairobi,Night,OP-N02,NBI-P03,567.6,21.5,1,213,missed_maintenance
MO-20260921-NAI-D,21/09/2026,Nairobi,Day,OP-N05,NBI-P03,631.1,20.0,1,229,missed_maintenance
MO-20260102-MOM-N,02/01/2026,Mombasa,Night,OP-M02,MBA-P01,974.3,32.8,0,219,none
MO-20260709-MOM-D,09/07/2026,Mombasa,Day,OP-M04,MBA-P03,1076.7,29.6,0,226,none
MO-20260324-ELD-N,24/03/2026,Eldoret,Night,OP-E02,ELD-P03,934.3,25.2,0,223,none
MO-20260503-KIS-D,03/05/2026,Kisumu,Day,OP-K02,KSM-P02,980.4,33.0,0,227,none
MO-20260823-MOM-D,23/08/2026,Mombasa,Day,OP-M03,MBA-P01,1015.8,28.5,0,224,none
MO-20260704-MOM-N,04/07/2026,Mombasa,Night,OP-M03,MBA-P03,1017.6,26.2,0,214,none
MO-20260908-NAI-N,08/09/2026,Nairobi,Night,OP-N04,NBI-P02,850.1,19.0,0,218,none
MO-20260622-ELD-D,22/06/2026,Eldoret,Day,OP-E02,ELD-P03,1098.7,18.0,0,230,none
MO-20261118-NAI-D,18/11/2026,Nairobi,Day,OP-N01,NBI-P03,599.2,20.7,1,227,missed_maintenance
MO-20260424-ELD-N,24/04/2026,Eldoret,Night,OP-E03,ELD-P03,954.1,22.0,0,217,none
MO-20261206-ELD-D,06/12/2026,Eldoret,Day,OP-E02,ELD-P02,955.5,18.1,0,228,none
MO-20260907-MOM-N,07/09/2026,Mombasa,Night,OP-M02,MBA-P02,1052.9,29.3,0,223,none
MO-20260813-KIS-D,13/08/2026,Kisumu,Day,OP-K01,KSM-P03,1031.0,23.1,0,223,none
MO-20260217-MOM-D,17/02/2026,Mombasa,Day,OP-M02,MBA-P01,1134.2,37.2,0,229,none
MO-20260319-NAI-D,19/03/2026,Nairobi,Day,OP-N01,NBI-P01,746.9,,0,225,operator_blunder
MO-20260302-MOM-N,02/03/2026,Mombasa,Night,OP-M01,MBA-P03,1051.2,34.5,0,221,none
MO-20260523-KIS-D,23/05/2026,Kisumu,Day,OP-K03,KSM-P01,740.0,29.4,0,217,operator_blunder
MO-20260101-ELD-N,01/01/2026,Eldoret,Night,OP-E02,ELD-P02,901.0,22.2,0,224,none
MO-20260329-KIS-N,29/03/2026,Kisumu,Night,OP-K02,KSM-P03,525.9,31.2,0,214,brief_equipment_fault
MO-20260513-KIS-D,13/05/2026,Kisumu,Day,OP-K01,KSM-P01,1059.9,30.7,0,225,none
MO-20260304-KIS-N,04/03/2026,Kisumu,Night,OP-K03,KSM-P03,951.7,32.6,0,223,none
MO-20260917-NAI-D,17/09/2026,Nairobi,Day,OP-N03,NBI-P01,1018.7,19.7,0,212,none
MO-20261123-ELD-N,23/11/2026,Eldoret,Night,OP-E01,ELD-P02,964.1,19.1,0,211,none
MO-20260505-NAI-N,05/05/2026,Nairobi,Night,OP-N03,NBI-P03,674.2,27.3,1,217,missed_maintenance
MO-20260408-MOM-D,08/04/2026,Mombasa,Day,OP-M04,MBA-P03,1035.6,35.4,0,230,none
MO-20260408-ELD-D,08/04/2026,Eldoret,Day,OP-E02,ELD-P01,995.9,23.7,0,212,none
MO-20260418-ELD-D,18/04/2026,Eldoret,Day,OP-E02,ELD-P03,954.4,23.3,0,225,none
MO-20260422-ELD-N,22/04/2026,Eldoret,Night,OP-E02,ELD-P02,926.3,21.2,0,232,none
MO-20261127-NAI-D,27/11/2026,Nairobi,Day,OP-N01,NBI-P03,581.7,22.8,1,212,missed_maintenance
MO-20260127-KIS-D,27/01/2026,Kisumu,Day,OP-K03,KSM-P01,1054.4,30.5,0,221,none
MO-20260920-NAI-D,20/09/2026,Nairobi,Day,OP-N02,NBI-P03,645.0,21.3,1,225,missed_maintenance
MO-20260725-ELD-D,25/07/2026,Eldoret,Day,OP-E02,ELD-P02,945.1,15.5,0,224,none
MO-20260906-ELD-D,06/09/2026,Eldoret,Day,OP-E02,ELD-P03,995.1,11.5,0,219,none
MO-20261002-KIS-N,02/10/2026,Kisumu,Night,OP-K01,KSM-P02,911.1,21.2,0,227,none
MO-20260206-NAI-D,06/02/2026,Nairobi,Day,OP-N02,NBI-P03,724.4,29.4,1,211,missed_maintenance
MO-20260705-MOM-N,05/07/2026,Mombasa,Night,OP-M01,MBA-P02,988.1,30.8,0,236,none
MO-20261025-MOM-D,25/10/2026,Mombasa,Day,OP-M01,MBA-P01,995.5,29.0,0,221,none
MO-20261111-NAI-N,11/11/2026,Nairobi,Night,OP-N05,NBI-P03,563.6,18.7,1,218,missed_maintenance
MO-20260411-NAI-D,11/04/2026,Nairobi,Day,OP-N02,NBI-P03,593.6,28.9,1,211,missed_maintenance
MO-20261119-MOM-D,19/11/2026,Mombasa,Day,OP-M04,MBA-P01,1006.6,29.1,0,217,none
MO-20260625-KIS-D,25/06/2026,Kisumu,Day,OP-K03,KSM-P01,1032.3,27.3,0,218,none
MO-20260920-KIS-N,20/09/2026,Kisumu,Night,OP-K03,KSM-P03,945.0,25.6,0,217,none
MO-20260811-NAI-N,11/08/2026,Nairobi,Night,OP-N01,NBI-P03,644.6,18.4,1,217,missed_maintenance
MO-20261006-MOM-N,06/10/2026,Mombasa,Night,OP-M02,MBA-P02,911.4,27.6,0,224,none
MO-20260101-KIS-N,01/01/2026,Kisumu,Night,OP-K03,KSM-P03,899.1,28.5,0,215,none
MO-20260628-MOM-D,28/06/2026,Mombasa,Day,OP-M02,MBA-P01,969.5,29.6,0,225,none
MO-20260614-KIS-N,14/06/2026,Kisumu,Night,OP-K03,KSM-P02,975.5,25.6,0,223,none
MO-20260923-MOM-N,23/09/2026,Mombasa,Night,OP-M04,MBA-P03,879.2,28.6,0,215,none
MO-20260206-KIS-N,06/02/2026,Kisumu,Night,OP-K01,KSM-P03,971.1,33.7,0,221,none
MO-20260811-ELD-D,11/08/2026,Eldoret,Day,OP-E03,ELD-P02,1060.1,14.7,0,219,none
MO-20260502-MOM-N,02/05/2026,Mombasa,Night,OP-M01,MBA-P02,1013.3,30.4,0,226,none
MO-20261130-ELD-D,30/11/2026,Eldoret,Day,OP-E03,ELD-P01,1036.2,18.4,0,218,none
MO-20260823-KIS-N,23/08/2026,Kisumu,Night,OP-K02,KSM-P01,924.9,23.8,0,220,none
MO-20260904-NAI-N,04/09/2026,Nairobi,Night,OP-N04,NBI-P02,1023.6,19.6,0,215,none
MO-20261201-ELD-N,01/12/2026,Eldoret,Night,OP-E01,ELD-P01,869.5,17.7,0,214,none
MO-20261017-KIS-N,17/10/2026,Kisumu,Night,OP-K03,KSM-P01,1039.4,23.6,0,228,none
MO-20260214-ELD-N,14/02/2026,Eldoret,Night,OP-E03,ELD-P02,896.5,22.4,0,218,none
MO-20260417-ELD-N,17/04/2026,Eldoret,Night,OP-E02,ELD-P01,945.9,24.4,0,224,none
MO-20260910-NAI-N,10/09/2026,Nairobi,Night,OP-N01,NBI-P03,597.7,21.7,1,224,missed_maintenance
MO-20260910-MOM-D,10/09/2026,Mombasa,Day,OP-M02,MBA-P01,990.5,25.0,0,225,none
MO-20260530-NAI-N,30/05/2026,Nairobi,Night,OP-N01,NBI-P01,1033.8,29.2,0,217,none
MO-20260505-ELD-N,05/05/2026,Eldoret,Night,OP-E01,ELD-P02,860.4,23.7,0,211,none
MO-20260906-MOM-N,06/09/2026,Mombasa,Night,OP-M01,MBA-P01,989.7,26.4,0,229,none
MO-20261211-MOM-D,11/12/2026,Mombasa,Day,OP-M02,MBA-P02,989.7,30.3,0,231,none
MO-20260913-NAI-D,13/09/2026,Nairobi,Day,OP-N05,NBI-P03,643.3,21.4,1,214,missed_maintenance
MO-20261021-KIS-N,21/10/2026,Kisumu,Night,OP-K02,KSM-P01,962.3,25.9,0,219,none
MO-20260331-NAI-N,31/03/2026,Nairobi,Night,OP-N01,NBI-P03,455.6,29.0,1,209,brief_equipment_fault
MO-20260316-KIS-N,16/03/2026,Kisumu,Night,OP-K03,KSM-P01,1097.2,29.4,0,219,none
MO-20261228-MOM-N,28/12/2026,Mombasa,Night,OP-M02,MBA-P01,1065.7,30.5,0,211,none
MO-20260120-KIS-N,20/01/2026,Kisumu,Night,OP-K02,KSM-P03,904.3,31.7,0,212,none
MO-20260911-NAI-D,11/09/2026,Nairobi,Day,OP-N01,NBI-P02,1020.1,18.2,0,228,none
MO-20260615-NAI-D,15/06/2026,Nairobi,Day,OP-N04,NBI-P03,703.7,21.3,1,230,missed_maintenance
MO-20260106-MOM-N,06/01/2026,Mombasa,Night,OP-M02,MBA-P03,979.2,33.0,0,211,none
MO-20260414-MOM-N,14/04/2026,Mombasa,Night,OP-M03,MBA-P01,934.2,34.1,0,223,none
MO-20260203-ELD-D,03/02/2026,Eldoret,Day,OP-E01,ELD-P02,944.4,24.7,0,225,none
MO-20261225-ELD-N,25/12/2026,Eldoret,Night,OP-E01,ELD-P01,1021.5,19.8,0,221,none
MO-20261210-MOM-N,10/12/2026,Mombasa,Night,OP-M02,MBA-P02,983.2,30.6,0,217,none
MO-20260810-MOM-N,10/08/2026,Mombasa,Night,OP-M02,MBA-P02,1035.4,25.6,0,214,none
MO-20260628-KIS-N,28/06/2026,Kisumu,Night,OP-K02,KSM-P03,903.4,26.4,0,230,none
MO-20260610-NAI-D,10/06/2026,Nairobi,Day,OP-N02,NBI-P03,673.1,22.5,1,222,missed_maintenance
MO-20260709-NAI-N,09/07/2026,Nairobi,Night,OP-N04,NBI-P03,644.9,20.4,1,224,missed_maintenance
MO-20260309-NAI-D,09/03/2026,Nairobi,Day,OP-N03,NBI-P03,642.9,25.5,1,217,missed_maintenance
MO-20260925-KIS-N,25/09/2026,Kisumu,Night,OP-K01,KSM-P01,926.4,21.7,0,224,none
MO-20260712-ELD-N,12/07/2026,Eldoret,Night,OP-E03,ELD-P03,980.6,16.4,0,219,none
MO-20260317-MOM-N,17/03/2026,Mombasa,Night,OP-M04,MBA-P01,1011.9,33.1,0,224,none
MO-20260107-KIS-D,07/01/2026,Kisumu,Day,OP-K02,KSM-P02,1052.4,28.0,0,221,none
MO-20261219-NAI-D,19/12/2026,Nairobi,Day,OP-N04,NBI-P03,673.9,26.4,1,223,missed_maintenance
MO-20260119-NAI-D,19/01/2026,Nairobi,Day,OP-N03,NBI-P03,1068.1,26.7,0,225,none
MO-20261014-ELD-N,14/10/2026,Eldoret,Night,OP-E03,ELD-P03,960.8,14.9,0,221,none
MO-20260602-KIS-D,02/06/2026,Kisumu,Day,OP-K03,KSM-P03,1028.3,27.9,0,215,none
MO-20260907-KIS-N,07/09/2026,Kisumu,Night,OP-K01,KSM-P03,1027.8,23.6,0,216,none
MO-20261114-ELD-D,14/11/2026,Eldoret,Day,OP-E01,ELD-P03,897.8,17.2,0,223,none
MO-20261216-KIS-D,16/12/2026,Kisumu,Day,OP-K02,KSM-P03,1095.4,25.7,0,225,none
MO-20260413-ELD-N,13/04/2026,Eldoret,Night,OP-E01,ELD-P01,679.9,24.2,0,198,operator_blunder
MO-20260910-ELD-D,10/09/2026,Eldoret,Day,OP-E03,ELD-P03,969.0,16.7,0,224,none
MO-20261021-MOM-D,21/10/2026,Mombasa,Day,,MBA-P01,975.0,29.3,0,230,none
MO-20260710-NAI-N,10/07/2026,Nairobi,Night,OP-N02,NBI-P03,606.1,22.7,1,214,missed_maintenance
MO-20260331-NAI-D,31/03/2026,Nairobi,Day,OP-N05,NBI-P03,692.4,29.4,1,229,missed_maintenance
MO-20260315-NAI-N,15/03/2026,Nairobi,Night,OP-N02,NBI-P03,426.1,,1,220,brief_equipment_fault
MO-20260223-ELD-N,23/02/2026,Eldoret,Night,OP-E01,ELD-P01,917.9,26.8,0,220,none
MO-20260124-MOM-D,24/01/2026,Mombasa,Day,OP-M02,MBA-P03,962.5,33.8,0,222,none
MO-20260420-NAI-N,20/04/2026,Nairobi,Night,OP-N05,NBI-P02,1087.2,26.4,0,224,none
MO-20260617-KIS-D,17/06/2026,Kisumu,Day,OP-K01,KSM-P01,993.2,23.5,0,220,none
MO-20261204-MOM-D,04/12/2026,Mombasa,Day,OP-M01,MBA-P01,1111.8,29.2,0,219,none
MO-20260804-MOM-D,04/08/2026,Mombasa,Day,OP-M03,MBA-P03,1071.4,29.0,0,227,none
MO-20261228-NAI-D,28/12/2026,Nairobi,Day,OP-N03,NBI-P03,713.5,24.6,1,218,missed_maintenance
MO-20260218-KIS-N,18/02/2026,Kisumu,Night,OP-K01,KSM-P02,1027.6,30.9,0,231,none
MO-20260531-ELD-N,31/05/2026,Eldoret,Night,OP-E02,ELD-P01,762.8,17.4,0,220,none
MO-20260421-KIS-D,21/04/2026,Kisumu,Day,OP-K03,KSM-P02,1109.2,33.0,0,226,none
MO-20261106-KIS-N,06/11/2026,Kisumu,Night,OP-K01,KSM-P03,909.8,24.2,0,216,none
MO-20260416-KIS-D,16/04/2026,Kisumu,Day,OP-K03,KSM-P03,1009.5,29.6,0,219,none
MO-20260227-NAI-D,27/02/2026,Nairobi,Day,OP-N02,NBI-P03,608.9,29.1,1,215,missed_maintenance
MO-20261212-ELD-D,12/12/2026,Eldoret,Day,OP-E01,ELD-P03,1034.4,21.3,0,219,none
MO-20261028-ELD-N,28/10/2026,Eldoret,Night,OP-E01,ELD-P03,726.1,17.8,0,236,none
MO-20260928-KIS-D,28/09/2026,Kisumu,Day,OP-K03,KSM-P01,879.9,17.6,0,219,none
MO-20261217-KIS-D,17/12/2026,Kisumu,Day,OP-K01,KSM-P02,1039.9,24.3,0,222,none
MO-20260901-MOM-N,01/09/2026,Mombasa,Night,OP-M01,MBA-P03,841.3,23.1,0,222,none
MO-20260424-NAI-N,24/04/2026,Nairobi,Night,OP-N01,NBI-P03,661.6,28.4,1,218,missed_maintenance
MO-20260114-MOM-D,14/01/2026,Mombasa,Day,OP-M01,MBA-P03,1090.4,31.5,0,223,none
MO-20261023-NAI-N,23/10/2026,Nairobi,Night,OP-N04,NBI-P03,645.8,22.3,1,229,missed_maintenance
MO-20261030-NAI-D,30/10/2026,Nairobi,Day,OP-N02,NBI-P03,682.9,21.5,1,231,missed_maintenance
MO-20260814-NAI-D,14/08/2026,Nairobi,Day,OP-N02,NBI-P01,1086.7,21.1,0,222,none
MO-20261202-NAI-N,02/12/2026,Nairobi,Night,OP-N03,NBI-P03,628.2,24.8,1,224,missed_maintenance
MO-20260131-NAI-D,31/01/2026,Nairobi,Day,OP-N04,NBI-P03,1004.3,28.9,0,220,none
MO-20260724-MOM-N,24/07/2026,Mombasa,Night,OP-M03,MBA-P03,1043.8,29.2,0,214,none
MO-20260829-KIS-D,29/08/2026,Kisumu,Day,OP-K02,KSM-P01,1079.3,21.2,0,223,none
MO-20260513-MOM-D,13/05/2026,Mombasa,Day,OP-M01,MBA-P02,1100.6,31.4,0,223,none
MO-20260327-KIS-D,27/03/2026,Kisumu,Day,OP-K01,KSM-P02,1020.2,30.5,0,228,none
MO-20260128-KIS-N,28/01/2026,Kisumu,Night,OP-K01,KSM-P03,1019.5,30.2,0,225,none
MO-20260611-MOM-D,11/06/2026,Mombasa,Day,OP-M03,MBA-P01,967.1,30.2,0,219,none
MO-20260722-MOM-D,22/07/2026,Mombasa,Day,OP-M03,MBA-P03,1080.4,28.5,0,215,none
MO-20261228-ELD-D,28/12/2026,Eldoret,Day,OP-E03,ELD-P01,952.4,17.1,0,240,none
MO-20261219-MOM-D,19/12/2026,Mombasa,Day,OP-M02,MBA-P02,1079.7,31.1,0,215,none
MO-20260105-KIS-N,05/01/2026,Kisumu,Night,OP-K02,KSM-P03,779.4,26.8,0,218,none
MO-20260630-KIS-D,30/06/2026,Kisumu,Day,OP-K02,KSM-P03,971.9,27.3,0,227,none
MO-20260814-KIS-N,14/08/2026,Kisumu,Night,OP-K02,KSM-P03,1003.1,25.7,0,217,none
MO-20260319-NAI-N,19/03/2026,Nairobi,Night,OP-N04,NBI-P03,621.4,,1,230,missed_maintenance
MO-20260331-MOM-N,31/03/2026,Mombasa,Night,OP-M03,MBA-P01,980.3,37.4,0,220,none
MO-20261002-ELD-N,02/10/2026,Eldoret,Night,OP-E01,ELD-P03,996.8,12.3,0,210,none
MO-20260524-NAI-N,24/05/2026,Nairobi,Night,OP-N02,NBI-P01,1080.7,26.8,0,215,none
MO-20260630-NAI-N,30/06/2026,Nairobi,Night,OP-N03,NBI-P03,613.9,21.8,1,219,missed_maintenance
MO-20260711-ELD-N,11/07/2026,Eldoret,Night,OP-E03,ELD-P01,876.7,18.1,0,222,none
MO-20261112-KIS-D,12/11/2026,Kisumu,Day,OP-K01,KSM-P03,1060.7,22.2,0,231,none
MO-20261029-MOM-N,29/10/2026,Mombasa,Night,OP-M03,MBA-P02,1001.1,28.6,0,220,none
MO-20260215-KIS-N,15/02/2026,Kisumu,Night,OP-K01,KSM-P01,965.1,30.8,0,221,none
MO-20261006-KIS-D,06/10/2026,Kisumu,Day,OP-K03,KSM-P02,1035.2,24.3,0,233,none
MO-20260406-MOM-N,06/04/2026,Mombasa,Night,OP-M02,MBA-P01,1008.1,33.9,0,214,none
MO-20260718-KIS-N,18/07/2026,Kisumu,Night,OP-K03,KSM-P02,843.7,26.5,0,213,none
MO-20260311-KIS-D,11/03/2026,Kisumu,Day,OP-K01,KSM-P03,1066.5,32.0,0,229,none
MO-20261107-KIS-N,07/11/2026,Kisumu,Night,OP-K02,KSM-P01,926.9,23.0,0,222,none
MO-20261013-MOM-D,13/10/2026,Mombasa,Day,OP-M01,MBA-P03,939.8,26.4,0,213,none
MO-20260811-MOM-D,11/08/2026,Mombasa,Day,OP-M01,MBA-P02,950.2,30.6,0,223,none
MO-20260723-ELD-D,23/07/2026,Eldoret,Day,OP-E03,ELD-P03,1006.0,17.1,0,230,none
MO-20260621-ELD-N,21/06/2026,Eldoret,Night,OP-E02,ELD-P03,863.0,17.2,0,221,none
MO-20261007-NAI-N,07/10/2026,Nairobi,Night,OP-N05,NBI-P03,559.5,21.4,1,226,missed_maintenance
MO-20260822-KIS-D,22/08/2026,Kisumu,Day,OP-K02,KSM-P02,1058.2,24.1,0,232,none
MO-20261123-ELD-D,23/11/2026,Eldoret,Day,OP-E03,ELD-P03,953.2,18.8,0,224,none
MO-20261124-KIS-N,24/11/2026,Kisumu,Night,OP-K02,KSM-P03,894.6,22.2,0,209,none
MO-20261102-NAI-N,02/11/2026,Nairobi,Night,OP-N05,NBI-P03,634.0,20.2,1,222,missed_maintenance
MO-20260822-KIS-N,22/08/2026,Kisumu,Night,OP-K03,KSM-P03,1018.0,22.0,0,226,none
MO-20260529-ELD-N,29/05/2026,Eldoret,Night,OP-E03,ELD-P03,962.8,20.1,0,221,none
MO-20260222-KIS-N,22/02/2026,Kisumu,Night,OP-K03,KSM-P01,964.4,27.1,0,221,none
MO-20260921-MOM-D,21/09/2026,Mombasa,Day,OP-M04,MBA-P01,1014.8,26.7,0,234,none
MO-20260207-NAI-N,07/02/2026,Nairobi,Night,OP-N01,NBI-P03,682.6,27.9,1,220,missed_maintenance
MO-20260331-ELD-D,31/03/2026,Eldoret,Day,OP-E01,ELD-P01,963.9,23.5,0,212,none
MO-20260318-NAI-N,18/03/2026,Nairobi,Night,OP-N01,NBI-P03,567.9,,1,214,missed_maintenance
MO-20260111-NAI-N,11/01/2026,Nairobi,Night,OP-N04,NBI-P01,1088.0,26.6,0,212,none
MO-20260922-ELD-N,22/09/2026,Eldoret,Night,OP-E01,ELD-P02,1009.4,13.3,0,219,none
MO-20261228-NAI-N,28/12/2026,Nairobi,Night,OP-N04,NBI-P03,624.5,24.3,1,218,missed_maintenance
MO-20260122-KIS-N,22/01/2026,Kisumu,Night,OP-K02,KSM-P02,947.0,27.9,0,223,none
MO-20260228-KIS-D,28/02/2026,Kisumu,Day,OP-K01,KSM-P02,1050.9,27.2,0,234,none
MO-20261224-KIS-D,24/12/2026,Kisumu,Day,OP-K01,KSM-P02,1022.8,28.3,0,229,none
MO-20260515-ELD-D,15/05/2026,Eldoret,Day,OP-E01,ELD-P03,1112.0,20.7,0,223,none
MO-20260401-ELD-N,01/04/2026,Eldoret,Night,OP-E02,ELD-P03,1016.7,22.4,0,227,none
MO-20261130-NAI-D,30/11/2026,Nairobi,Day,OP-N04,NBI-P03,615.4,26.3,1,225,missed_maintenance
MO-20261104-MOM-D,04/11/2026,Mombasa,Day,OP-M01,MBA-P01,539.5,27.0,0,226,brief_equipment_fault
MO-20261017-ELD-D,17/10/2026,Eldoret,Day,OP-E01,ELD-P01,946.7,15.5,0,226,none
MO-20261212-ELD-N,12/12/2026,Eldoret,Night,OP-E03,ELD-P02,939.7,19.6,0,221,none
MO-20260304-NAI-D,04/03/2026,Nairobi,Day,OP-N01,NBI-P03,683.5,26.7,1,231,missed_maintenance
MO-20260823-ELD-D,23/08/2026,Eldoret,Day,OP-E03,ELD-P03,982.7,12.8,0,230,none
MO-20260502-NAI-D,02/05/2026,Nairobi,Day,OP-N01,NBI-P03,643.5,25.8,1,228,missed_maintenance
MO-20260817-ELD-N,17/08/2026,Eldoret,Night,OP-E02,ELD-P01,908.4,14.9,0,218,none
MO-20261121-KIS-N,21/11/2026,Kisumu,Night,OP-K03,KSM-P02,793.9,23.6,0,219,none
MO-20260508-NAI-N,08/05/2026,Nairobi,Night,OP-N05,NBI-P03,598.7,26.0,1,224,missed_maintenance
MO-20260701-NAI-D,01/07/2026,Nairobi,Day,OP-N04,NBI-P03,644.0,20.3,1,226,missed_maintenance
MO-20260208-NAI-D,08/02/2026,Nairobi,Day,OP-N02,NBI-P04,1024.3,26.7,0,220,none
MO-20260708-NAI-N,08/07/2026,Nairobi,Night,OP-N03,NBI-P03,641.0,18.8,1,226,missed_maintenance
MO-20260807-ELD-N,07/08/2026,Eldoret,Night,OP-E02,ELD-P02,985.0,15.4,0,218,none
MO-20260722-MOM-N,22/07/2026,Mombasa,Night,OP-M02,MBA-P03,965.7,29.3,0,221,none
MO-20260910-NAI-D,10/09/2026,Nairobi,Day,OP-N05,NBI-P03,633.6,17.2,1,220,missed_maintenance
MO-20261211-NAI-D,11/12/2026,Nairobi,Day,OP-N05,NBI-P03,556.5,22.2,1,226,missed_maintenance
MO-20261221-NAI-N,21/12/2026,Nairobi,Night,OP-N02,NBI-P01,934.4,24.4,0,211,none
MO-20260718-KIS-D,18/07/2026,Kisumu,Day,OP-K01,KSM-P02,1084.3,21.7,0,224,none
MO-20260908-KIS-N,08/09/2026,Kisumu,Night,OP-K01,KSM-P01,938.1,26.1,0,224,none
MO-20261016-MOM-D,16/10/2026,Mombasa,Day,OP-M04,MBA-P02,1147.7,28.4,0,233,none
MO-20260219-MOM-D,19/02/2026,Mombasa,Day,OP-M02,MBA-P02,1097.7,39.9,0,221,none
MO-20260211-KIS-D,11/02/2026,Kisumu,Day,OP-K01,KSM-P01,975.8,33.0,0,228,none
MO-20260725-ELD-N,25/07/2026,Eldoret,Night,OP-E01,ELD-P03,944.9,17.8,0,209,none
MO-20260716-KIS-D,16/07/2026,Kisumu,Day,OP-K03,KSM-P01,944.2,23.2,0,219,none
MO-20260411-ELD-N,11/04/2026,Eldoret,Night,OP-E01,ELD-P02,950.5,24.4,0,226,none
MO-20260723-NAI-N,23/07/2026,Nairobi,Night,OP-N04,NBI-P04,887.7,20.5,0,223,none
MO-20260914-ELD-D,14/09/2026,Eldoret,Day,OP-E01,ELD-P02,963.7,12.3,0,224,none
MO-20260804-NAI-D,04/08/2026,Nairobi,Day,OP-N02,NBI-P03,554.0,23.6,1,221,missed_maintenance
MO-20261008-MOM-D,08/10/2026,Mombasa,Day,OP-M02,MBA-P02,1014.8,25.1,0,221,none
MO-20260304-KIS-D,04/03/2026,Kisumu,Day,OP-K03,KSM-P02,1010.2,33.0,0,219,none
MO-20260131-ELD-D,31/01/2026,Eldoret,Day,OP-E02,ELD-P02,939.8,22.9,0,231,none
MO-20261214-ELD-N,14/12/2026,Eldoret,Night,OP-E02,ELD-P01,946.7,17.5,0,225,none
MO-20260828-ELD-N,28/08/2026,Eldoret,Night,OP-E02,ELD-P03,969.6,15.1,0,222,none
MO-20260306-KIS-D,06/03/2026,Kisumu,Day,OP-K02,KSM-P02,1042.8,29.9,0,221,none
MO-20260521-NAI-D,21/05/2026,Nairobi,Day,OP-N04,NBI-P01,1042.0,26.3,0,233,none
MO-20260123-ELD-D,23/01/2026,Eldoret,Day,OP-E03,ELD-P03,983.3,20.8,0,228,none
MO-20260112-ELD-D,12/01/2026,Eldoret,Day,OP-E02,ELD-P02,1090.1,17.9,0,211,none
MO-20261018-KIS-D,18/10/2026,Kisumu,Day,OP-K03,KSM-P01,1051.2,24.1,0,225,none
MO-20260409-NAI-D,09/04/2026,Nairobi,Day,OP-N01,NBI-P03,604.1,29.7,1,227,missed_maintenance
MO-20260317-MOM-D,17/03/2026,Mombasa,Day,OP-M01,MBA-P02,1108.8,35.6,0,232,none
MO-20260925-MOM-N,25/09/2026,Mombasa,Night,OP-M02,MBA-P03,960.4,25.0,0,230,none
MO-20261207-NAI-N,07/12/2026,Nairobi,Night,OP-N02,NBI-P03,636.2,26.2,1,210,missed_maintenance
MO-20261128-ELD-D,28/11/2026,Eldoret,Day,OP-E02,ELD-P02,990.7,16.0,0,211,none
MO-20260404-KIS-D,04/04/2026,Kisumu,Day,OP-K01,KSM-P01,1115.8,27.9,0,231,none
MO-20260711-ELD-D,11/07/2026,Eldoret,Day,OP-E02,ELD-P03,918.6,17.2,0,222,none
MO-20260320-NAI-N,20/03/2026,Nairobi,Night,OP-N05,NBI-P03,702.5,,1,221,missed_maintenance
MO-20260821-MOM-N,21/08/2026,Mombasa,Night,OP-M01,MBA-P01,999.0,24.7,0,220,none
MO-20261211-ELD-D,11/12/2026,Eldoret,Day,OP-E01,ELD-P02,1086.6,19.0,0,211,none
MO-20260825-ELD-N,25/08/2026,Eldoret,Night,OP-E01,ELD-P01,925.9,13.2,0,222,none
MO-20261027-MOM-N,27/10/2026,Mombasa,Night,OP-M04,MBA-P03,965.0,30.5,0,228,none
MO-20260102-MOM-D,02/01/2026,Mombasa,Day,OP-M03,MBA-P02,1142.1,36.9,0,219,none
MO-20261202-KIS-D,02/12/2026,Kisumu,Day,OP-K03,KSM-P03,1035.5,29.6,0,218,none
MO-20260619-ELD-N,19/06/2026,Eldoret,Night,OP-E02,ELD-P02,874.0,20.9,0,227,none
MO-20260719-KIS-D,19/07/2026,Kisumu,Day,OP-K01,KSM-P03,1014.0,26.0,0,213,none
MO-20260508-NAI-D,08/05/2026,Nairobi,Day,OP-N02,NBI-P03,612.0,25.4,1,230,missed_maintenance
MO-20260307-MOM-D,07/03/2026,Mombasa,Day,OP-M04,MBA-P03,1073.7,35.1,0,215,none
MO-20260427-NAI-D,27/04/2026,Nairobi,Day,OP-N01,NBI-P03,672.5,29.0,1,232,missed_maintenance
MO-20260517-MOM-D,17/05/2026,Mombasa,Day,OP-M03,MBA-P01,1055.0,33.5,0,222,none
MO-20261025-ELD-N,25/10/2026,Eldoret,Night,OP-E03,ELD-P03,839.3,11.6,0,224,none
MO-20260815-ELD-N,15/08/2026,Eldoret,Night,OP-E01,ELD-P02,906.4,13.4,0,218,none
MO-20260109-ELD-N,09/01/2026,Eldoret,Night,OP-E02,ELD-P01,1027.3,24.2,0,221,none
MO-20260223-KIS-D,23/02/2026,Kisumu,Day,OP-K02,KSM-P01,982.9,32.4,0,219,none
MO-20260702-MOM-D,02/07/2026,Mombasa,Day,OP-M03,MBA-P01,975.8,26.8,0,221,none
MO-20260729-MOM-N,29/07/2026,Mombasa,Night,OP-M03,MBA-P01,1036.1,23.5,0,220,none
MO-20260813-NAI-D,13/08/2026,Nairobi,Day,OP-N05,NBI-P03,720.0,22.6,1,223,missed_maintenance
MO-20260608-NAI-D,08/06/2026,Nairobi,Day,OP-N01,NBI-P03,577.2,24.8,1,217,missed_maintenance
MO-20260831-KIS-N,31/08/2026,Kisumu,Night,OP-K03,KSM-P02,982.4,24.3,0,219,none
MO-20260701-KIS-D,01/07/2026,Kisumu,Day,OP-K01,KSM-P01,971.6,24.1,0,225,none
MO-20260526-ELD-N,26/05/2026,Eldoret,Night,OP-E02,ELD-P03,943.2,20.9,0,219,none
MO-20260330-MOM-N,30/03/2026,Mombasa,Night,OP-M04,MBA-P01,987.7,34.5,0,207,none
MO-20260227-ELD-N,27/02/2026,Eldoret,Night,OP-E02,ELD-P02,912.8,25.0,0,217,none
MO-20260713-NAI-N,13/07/2026,Nairobi,Night,OP-N02,NBI-P01,933.1,22.7,0,218,none
MO-20261023-ELD-N,23/10/2026,Eldoret,Night,OP-E01,ELD-P03,811.5,15.4,0,221,none
MO-20260719-ELD-N,19/07/2026,Eldoret,Night,OP-E01,ELD-P03,897.1,14.2,0,216,none
MO-20260915-KIS-D,15/09/2026,Kisumu,Day,OP-K02,KSM-P03,1004.0,19.7,0,218,none
MO-20260215-NAI-D,15/02/2026,Nairobi,Day,OP-N03,NBI-P03,741.5,26.8,1,222,missed_maintenance
MO-20260611-KIS-N,11/06/2026,Kisumu,Night,OP-K02,KSM-P03,1017.0,27.5,0,215,none
MO-20260810-MOM-D,10/08/2026,Mombasa,Day,OP-M02,MBA-P01,1058.7,29.2,0,227,none
MO-20260513-NAI-N,13/05/2026,Nairobi,Night,OP-N01,NBI-P03,576.4,26.8,1,220,missed_maintenance
MO-20261027-KIS-N,27/10/2026,Kisumu,Night,OP-K02,KSM-P02,877.7,24.0,0,217,none
MO-20260115-NAI-N,15/01/2026,Nairobi,Night,OP-N02,NBI-P03,941.5,25.8,0,209,none
MO-20261005-ELD-N,05/10/2026,Eldoret,Night,OP-E01,ELD-P01,972.7,13.5,0,218,none
MO-20260324-NAI-D,24/03/2026,Nairobi,Day,OP-N01,NBI-P03,381.0,27.9,1,226,operator_blunder
MO-20260121-ELD-D,21/01/2026,Eldoret,Day,OP-E03,ELD-P03,1002.5,19.8,0,226,none
MO-20261126-KIS-N,26/11/2026,Kisumu,Night,OP-K02,KSM-P03,902.2,26.2,0,214,none
MO-20261208-KIS-D,08/12/2026,Kisumu,Day,OP-K02,KSM-P02,1045.8,25.7,0,226,none
MO-20260819-KIS-N,19/08/2026,Kisumu,Night,OP-K02,KSM-P02,972.2,21.9,0,211,none
MO-20260108-NAI-D,08/01/2026,Nairobi,Day,OP-N01,NBI-P04,959.6,29.8,0,216,none
MO-20260814-KIS-D,14/08/2026,Kisumu,Day,OP-K01,KSM-P03,1034.3,20.5,0,222,none
MO-20261104-NAI-N,04/11/2026,Nairobi,Night,OP-N01,NBI-P03,566.3,20.0,1,220,missed_maintenance
MO-20260529-MOM-D,29/05/2026,Mombasa,Day,OP-M03,MBA-P01,1140.3,32.8,0,227,none
MO-20260509-MOM-D,09/05/2026,Mombasa,Day,OP-M04,MBA-P03,1078.0,34.0,0,223,none
MO-20261114-NAI-N,14/11/2026,Nairobi,Night,OP-N03,NBI-P03,571.2,22.3,1,219,missed_maintenance
MO-20260627-ELD-N,27/06/2026,Eldoret,Night,OP-E03,ELD-P02,958.3,18.0,0,214,none
MO-20260525-NAI-N,25/05/2026,Nairobi,Night,OP-N01,NBI-P03,625.6,25.3,1,224,missed_maintenance
MO-20261012-NAI-N,12/10/2026,Nairobi,Night,OP-N02,NBI-P03,622.9,19.1,1,232,missed_maintenance
MO-20260708-MOM-D,08/07/2026,Mombasa,Day,OP-M02,MBA-P02,1080.6,26.8,0,224,none
MO-20260409-NAI-N,09/04/2026,Nairobi,Night,OP-N05,NBI-P01,1121.8,30.2,0,229,none
MO-20261019-KIS-D,19/10/2026,Kisumu,Day,OP-K02,KSM-P01,962.9,23.9,0,234,none
MO-20260425-KIS-D,25/04/2026,Kisumu,Day,OP-K02,KSM-P03,1072.4,32.2,0,216,none
MO-20260904-ELD-N,04/09/2026,Eldoret,Night,OP-E03,ELD-P01,897.7,15.5,0,214,none
MO-20260531-KIS-N,31/05/2026,Kisumu,Night,OP-K03,KSM-P02,1029.0,28.2,0,219,none
MO-20260703-NAI-D,03/07/2026,Nairobi,Day,OP-N04,NBI-P03,684.3,23.5,1,223,missed_maintenance
MO-20261221-MOM-D,21/12/2026,Mombasa,Day,OP-M01,MBA-P03,1056.7,33.0,0,220,none
MO-20261001-ELD-N,01/10/2026,Eldoret,Night,OP-E01,ELD-P02,986.0,14.9,0,227,none
MO-20260101-ELD-D,01/01/2026,Eldoret,Day,OP-E03,ELD-P03,924.7,18.8,0,220,none
MO-20260510-ELD-D,10/05/2026,Eldoret,Day,OP-E01,ELD-P01,961.5,21.2,0,224,none
MO-20260203-KIS-N,03/02/2026,Kisumu,Night,OP-K02,KSM-P02,954.9,31.0,0,228,none
MO-20260430-KIS-N,30/04/2026,Kisumu,Night,OP-K03,KSM-P01,854.2,29.3,0,226,none
MO-20261226-ELD-N,26/12/2026,Eldoret,Night,OP-E01,ELD-P02,842.0,17.2,0,218,none
MO-20260921-NAI-N,21/09/2026,Nairobi,Night,OP-N02,NBI-P03,568.8,19.0,1,225,missed_maintenance
MO-20260821-ELD-D,21/08/2026,Eldoret,Day,OP-E02,ELD-P02,955.5,12.5,0,230,none
MO-20260228-MOM-N,28/02/2026,Mombasa,Night,OP-M02,MBA-P01,904.0,36.1,0,224,none
MO-20260820-MOM-D,20/08/2026,Mombasa,Day,OP-M02,MBA-P01,965.1,25.2,0,220,none
MO-20260221-NAI-D,21/02/2026,Nairobi,Day,OP-N03,NBI-P03,641.7,27.6,1,214,missed_maintenance
MO-20260830-KIS-N,30/08/2026,Kisumu,Night,OP-K02,KSM-P03,909.5,24.9,0,217,none
MO-20260808-ELD-D,08/08/2026,Eldoret,Day,OP-E02,ELD-P01,963.8,13.7,0,214,none
MO-20260630-MOM-D,30/06/2026,Mombasa,Day,OP-M04,MBA-P02,965.6,30.4,0,228,none
MO-20261008-NAI-D,08/10/2026,Nairobi,Day,OP-N05,NBI-P01,1069.2,18.7,0,222,none
MO-20260708-ELD-D,08/07/2026,Eldoret,Day,OP-E01,ELD-P01,975.7,17.5,0,224,none
MO-20260124-KIS-N,24/01/2026,Kisumu,Night,OP-K03,KSM-P03,1023.2,30.3,0,205,none
MO-20260415-ELD-N,15/04/2026,Eldoret,Night,OP-E03,ELD-P01,980.3,21.2,0,209,none
MO-20261007-NAI-D,07/10/2026,Nairobi,Day,OP-N01,NBI-P03,637.4,21.0,1,224,missed_maintenance
MO-20260503-MOM-D,03/05/2026,Mombasa,Day,OP-M04,MBA-P03,1143.1,33.6,0,218,none
MO-20261023-MOM-D,23/10/2026,Mombasa,Day,OP-M02,MBA-P02,1021.7,27.7,0,228,none
MO-20260926-NAI-D,26/09/2026,Nairobi,Day,OP-N01,NBI-P03,642.6,20.2,1,229,missed_maintenance
MO-20260831-NAI-N,31/08/2026,Nairobi,Night,OP-N05,NBI-P03,563.1,21.0,1,219,missed_maintenance
MO-20260530-ELD-N,30/05/2026,Eldoret,Night,OP-E01,ELD-P03,977.6,22.1,0,214,none
MO-20260128-ELD-D,28/01/2026,Eldoret,Day,OP-E02,ELD-P03,1029.4,19.1,0,221,none
MO-20260501-ELD-D,01/05/2026,Eldoret,Day,OP-E02,ELD-P02,925.9,20.8,0,224,none
MO-20260131-KIS-N,31/01/2026,Kisumu,Night,OP-K03,KSM-P02,1027.8,27.4,0,222,none
MO-20260706-KIS-N,06/07/2026,Kisumu,Night,OP-K01,KSM-P01,,23.0,0,214,none
MO-20261130-NAI-N,30/11/2026,Nairobi,Night,OP-N04,NBI-P03,535.2,22.6,1,229,missed_maintenance
MO-20261104-ELD-N,04/11/2026,Eldoret,Night,OP-E03,ELD-P03,894.3,15.1,0,217,none
MO-20260322-KIS-D,22/03/2026,Kisumu,Day,OP-K01,KSM-P01,1025.2,29.8,0,218,none
MO-20260726-KIS-N,26/07/2026,Kisumu,Night,OP-K03,KSM-P01,925.1,23.7,0,225,none
MO-20261011-MOM-D,11/10/2026,Mombasa,Day,OP-M02,MBA-P02,1007.0,27.3,0,221,none
MO-20260807-ELD-D,07/08/2026,Eldoret,Day,OP-E02,ELD-P03,1054.8,13.5,0,220,none
MO-20260826-NAI-D,26/08/2026,Nairobi,Day,OP-N02,NBI-P03,609.8,19.5,1,238,missed_maintenance
MO-20261115-ELD-N,15/11/2026,Eldoret,Night,OP-E02,ELD-P03,945.4,16.1,0,217,none
MO-20260410-NAI-D,10/04/2026,Nairobi,Day,OP-N04,NBI-P03,763.2,25.1,1,234,missed_maintenance
MO-20260711-NAI-N,11/07/2026,Nairobi,Night,OP-N05,NBI-P03,499.7,25.0,1,223,missed_maintenance
MO-20260911-KIS-N,11/09/2026,Kisumu,Night,OP-K03,KSM-P02,902.6,23.7,0,223,none
MO-20260221-NAI-N,21/02/2026,Nairobi,Night,OP-N03,NBI-P03,651.6,25.2,1,213,missed_maintenance
MO-20260422-ELD-D,22/04/2026,Eldoret,Day,OP-E02,ELD-P03,869.7,24.6,0,220,none
MO-20260330-MOM-D,30/03/2026,Mombasa,Day,OP-M03,MBA-P03,856.9,32.8,0,218,operator_blunder
MO-20260730-ELD-D,30/07/2026,Eldoret,Day,OP-E03,ELD-P01,980.0,14.6,0,222,none
MO-20260320-MOM-N,20/03/2026,Mombasa,Night,OP-M04,MBA-P03,1009.4,34.5,0,228,none
MO-20260118-KIS-D,18/01/2026,Kisumu,Day,OP-K01,KSM-P01,1010.4,31.4,0,223,none
MO-20260416-NAI-N,16/04/2026,Nairobi,Night,OP-N02,NBI-P03,607.9,27.8,1,215,missed_maintenance
MO-20260903-NAI-N,03/09/2026,Nairobi,Night,OP-N01,NBI-P03,624.2,21.1,1,222,missed_maintenance
MO-20260521-KIS-D,21/05/2026,Kisumu,Day,OP-K03,KSM-P02,1004.0,30.5,0,235,none
MO-20260211-NAI-N,11/02/2026,Nairobi,Night,OP-N04,NBI-P03,602.2,26.2,1,223,missed_maintenance
MO-20260212-KIS-D,12/02/2026,Kisumu,Day,OP-K01,KSM-P03,997.3,29.9,0,231,none
MO-20260929-KIS-D,29/09/2026,Kisumu,Day,OP-K01,KSM-P01,977.9,23.9,0,229,none
MO-20260727-MOM-D,27/07/2026,Mombasa,Day,OP-M04,MBA-P03,1060.1,27.6,0,228,none
MO-20260424-NAI-D,24/04/2026,Nairobi,Day,OP-N03,NBI-P03,427.1,28.3,1,222,operator_blunder
MO-20260521-ELD-D,21/05/2026,Eldoret,Day,OP-E02,ELD-P02,952.5,20.4,0,209,none
MO-20260412-NAI-D,12/04/2026,Nairobi,Day,OP-N04,NBI-P03,694.7,29.4,1,237,missed_maintenance
MO-20260829-MOM-N,29/08/2026,Mombasa,Night,OP-M02,MBA-P03,962.3,24.3,0,214,none
MO-20260613-NAI-N,13/06/2026,Nairobi,Night,OP-N01,NBI-P03,540.2,22.7,1,215,missed_maintenance
MO-20260117-MOM-D,17/01/2026,Mombasa,Day,OP-M02,MBA-P01,1062.0,30.8,0,237,none
MO-20260703-ELD-N,03/07/2026,Eldoret,Night,OP-E03,ELD-P03,886.3,20.0,0,218,none
MO-20260602-MOM-D,02/06/2026,Mombasa,Day,OP-M01,MBA-P02,1038.2,31.3,0,225,none
MO-20260928-ELD-N,28/09/2026,Eldoret,Night,OP-E01,ELD-P02,848.5,14.3,0,217,none
MO-20260523-NAI-N,23/05/2026,Nairobi,Night,OP-N01,NBI-P01,937.3,26.9,0,208,none
MO-20260819-ELD-N,19/08/2026,Eldoret,Night,OP-E02,ELD-P02,882.4,16.3,0,220,none
MO-20260510-MOM-D,10/05/2026,Mombasa,Day,OP-M01,MBA-P01,1044.3,32.2,0,215,none
MO-20260202-NAI-N,02/02/2026,Nairobi,Night,OP-N05,NBI-P03,664.2,24.6,1,215,missed_maintenance
MO-20261210-NAI-N,10/12/2026,Nairobi,Night,OP-N01,NBI-P03,569.1,21.1,1,216,missed_maintenance
MO-20260728-ELD-D,28/07/2026,Eldoret,Day,,ELD-P01,994.7,12.9,0,225,none
MO-20260425-NAI-D,25/04/2026,Nairobi,Day,OP-N03,NBI-P03,674.1,29.1,1,220,missed_maintenance
MO-20260528-MOM-D,28/05/2026,Mombasa,Day,OP-M03,MBA-P02,1089.9,32.1,0,220,none
MO-20261225-NAI-N,25/12/2026,Nairobi,Night,OP-N05,NBI-P03,591.5,23.8,1,217,missed_maintenance
MO-20260427-ELD-N,27/04/2026,Eldoret,Night,OP-E01,ELD-P01,572.0,22.8,0,221,brief_equipment_fault
MO-20260412-KIS-N,12/04/2026,Kisumu,Night,OP-K02,KSM-P03,1013.3,32.9,0,213,none
MO-20260325-KIS-N,25/03/2026,Kisumu,Night,OP-K02,KSM-P03,1022.9,32.0,0,217,none
MO-20260103-MOM-D,03/01/2026,Mombasa,Day,OP-M04,MBA-P03,1083.6,30.9,0,220,none
MO-20260825-MOM-N,25/08/2026,Mombasa,Night,OP-M02,MBA-P02,824.3,25.7,0,223,none
MO-20260128-ELD-N,28/01/2026,Eldoret,Night,OP-E03,ELD-P03,1032.8,21.2,0,222,none
MO-20260109-KIS-D,09/01/2026,Kisumu,Day,OP-K02,KSM-P01,927.1,31.7,0,227,none
MO-20261124-NAI-N,24/11/2026,Nairobi,Night,OP-N03,NBI-P03,637.9,23.2,1,213,missed_maintenance
MO-20260619-NAI-N,19/06/2026,Nairobi,Night,OP-N01,NBI-P03,614.7,27.2,1,223,missed_maintenance
MO-20260103-NAI-N,03/01/2026,Nairobi,Night,OP-N02,NBI-P01,999.6,27.9,0,219,none
MO-20260713-ELD-N,13/07/2026,Eldoret,Night,OP-E02,ELD-P03,801.3,16.5,0,210,none
MO-20260306-ELD-D,06/03/2026,Eldoret,Day,OP-E01,ELD-P01,960.7,23.6,0,236,none
MO-20260820-KIS-D,20/08/2026,Kisumu,Day,OP-K03,KSM-P03,909.2,20.1,0,218,none
MO-20260412-KIS-D,12/04/2026,Kisumu,Day,OP-K02,KSM-P02,1023.1,32.8,0,222,none
MO-20260201-ELD-D,01/02/2026,Eldoret,Day,OP-E02,ELD-P03,949.2,23.6,0,218,none
MO-20261223-NAI-D,23/12/2026,Nairobi,Day,OP-N01,NBI-P03,578.4,25.5,1,222,missed_maintenance
MO-20260513-KIS-N,13/05/2026,Kisumu,Night,OP-K01,KSM-P03,1005.9,30.2,0,209,none
MO-20261126-KIS-D,26/11/2026,Kisumu,Day,OP-K02,KSM-P01,1038.4,23.0,0,224,none
MO-20260107-KIS-N,07/01/2026,Kisumu,Night,OP-K02,KSM-P02,944.7,26.8,0,234,none
MO-20260501-NAI-N,01/05/2026,Nairobi,Night,OP-N02,NBI-P03,687.2,27.3,1,227,missed_maintenance
MO-20260217-ELD-D,17/02/2026,Eldoret,Day,OP-E02,ELD-P02,1037.5,24.2,0,222,none
MO-20261016-KIS-D,16/10/2026,Kisumu,Day,OP-K02,KSM-P03,1006.9,22.7,0,231,none
MO-20260308-NAI-N,08/03/2026,Nairobi,Night,OP-N05,NBI-P01,1019.1,30.8,0,222,none
MO-20261223-KIS-N,23/12/2026,Kisumu,Night,OP-K01,KSM-P01,807.6,27.6,0,217,none
MO-20260910-MOM-N,10/09/2026,Mombasa,Night,OP-M01,MBA-P03,914.9,25.2,0,222,none
MO-20260304-MOM-N,04/03/2026,Mombasa,Night,OP-M04,MBA-P01,995.6,32.5,0,215,none
MO-20260221-ELD-D,21/02/2026,Eldoret,Day,OP-E03,ELD-P02,966.7,21.8,0,226,none
MO-20260626-KIS-D,26/06/2026,Kisumu,Day,OP-K01,KSM-P01,1015.6,27.2,0,231,none
MO-20260613-KIS-N,13/06/2026,Kisumu,Night,OP-K01,KSM-P03,942.3,26.3,0,222,none
MO-20260812-NAI-N,12/08/2026,Nairobi,Night,OP-N01,NBI-P03,554.3,20.4,1,220,missed_maintenance
MO-20261103-MOM-N,03/11/2026,Mombasa,Night,OP-M01,MBA-P02,1056.9,27.5,0,212,none
MO-20261113-KIS-N,13/11/2026,Kisumu,Night,OP-K01,KSM-P01,952.3,20.5,0,210,none
MO-20260329-MOM-D,29/03/2026,Mombasa,Day,OP-M03,MBA-P02,1043.9,33.9,0,216,none
MO-20260323-KIS-N,23/03/2026,Kisumu,Night,OP-K01,KSM-P02,917.8,30.6,0,227,none
MO-20260901-NAI-N,01/09/2026,Nairobi,Night,OP-N01,NBI-P03,701.2,20.8,1,217,missed_maintenance
MO-20260721-NAI-N,21/07/2026,Nairobi,Night,OP-N04,NBI-P03,656.0,17.7,1,222,missed_maintenance
MO-20260614-NAI-N,14/06/2026,Nairobi,Night,OP-N02,NBI-P03,632.3,24.2,1,228,missed_maintenance
MO-20260803-KIS-N,03/08/2026,Kisumu,Night,OP-K01,KSM-P03,896.2,22.2,0,220,none
MO-20260623-MOM-D,23/06/2026,Mombasa,Day,OP-M02,MBA-P01,963.9,26.9,0,230,none
MO-20260713-MOM-N,13/07/2026,Mombasa,Night,OP-M02,MBA-P01,1004.6,28.4,0,219,none
MO-20260104-ELD-N,04/01/2026,Eldoret,Night,OP-E01,ELD-P03,956.2,19.6,0,215,none
MO-20261110-MOM-D,10/11/2026,Mombasa,Day,OP-M01,MBA-P03,1047.2,29.4,0,225,none
MO-20260720-ELD-D,20/07/2026,Eldoret,Day,OP-E01,ELD-P03,994.6,15.6,0,231,none
MO-20260214-NAI-N,14/02/2026,Nairobi,Night,OP-N04,NBI-P03,603.9,27.9,1,209,missed_maintenance
MO-20261206-KIS-N,06/12/2026,Kisumu,Night,OP-K01,KSM-P01,894.2,29.3,0,226,none
MO-20261103-MOM-D,03/11/2026,Mombasa,Day,OP-M04,MBA-P03,1137.8,26.5,0,223,none
MO-20260712-KIS-D,12/07/2026,Kisumu,Day,OP-K01,KSM-P02,956.2,23.4,0,231,none
MO-20260106-ELD-N,06/01/2026,Eldoret,Night,OP-E03,ELD-P02,1044.9,21.2,0,212,none
MO-20260722-KIS-N,22/07/2026,Kisumu,Night,OP-K02,KSM-P01,904.4,20.3,0,213,none
MO-20261230-NAI-N,30/12/2026,Nairobi,Night,OP-N04,NBI-P03,592.5,27.8,1,227,missed_maintenance
MO-20260915-NAI-D,15/09/2026,Nairobi,Day,OP-N02,NBI-P03,742.2,21.0,1,231,missed_maintenance
MO-20260805-KIS-D,05/08/2026,Kisumu,Day,OP-K03,KSM-P01,1097.8,25.3,0,222,none
MO-20261108-MOM-N,08/11/2026,Mombasa,Night,OP-M04,MBA-P01,980.2,24.5,0,226,none
MO-20261009-MOM-N,09/10/2026,Mombasa,Night,OP-M04,MBA-P02,992.4,24.8,0,221,none
MO-20260824-ELD-N,24/08/2026,Eldoret,Night,OP-E03,ELD-P01,911.0,17.7,0,224,none
MO-20260124-ELD-D,24/01/2026,Eldoret,Day,OP-E02,ELD-P03,947.2,22.1,0,229,none
MO-20260128-NAI-D,28/01/2026,Nairobi,Day,OP-N03,NBI-P03,1069.6,28.3,0,215,none
MO-20260310-MOM-D,10/03/2026,Mombasa,Day,OP-M03,MBA-P03,1145.6,34.0,0,222,none
MO-20260625-NAI-D,25/06/2026,Nairobi,Day,OP-N02,NBI-P03,603.9,23.0,1,229,missed_maintenance
MO-20260413-MOM-D,13/04/2026,Mombasa,Day,OP-M02,MBA-P01,1003.5,34.1,0,217,none
MO-20261217-NAI-N,17/12/2026,Nairobi,Night,OP-N03,NBI-P03,656.4,22.6,1,233,missed_maintenance
MO-20260527-MOM-D,27/05/2026,Mombasa,Day,OP-M01,MBA-P03,1050.5,30.2,0,222,none
MO-20260819-ELD-D,19/08/2026,Eldoret,Day,OP-E02,ELD-P01,1023.1,12.6,0,213,none
MO-20260105-MOM-N,05/01/2026,Mombasa,Night,OP-M04,MBA-P03,1117.8,31.6,0,222,none
MO-20260324-KIS-N,24/03/2026,Kisumu,Night,OP-K03,KSM-P03,936.9,31.6,0,221,none
MO-20261106-ELD-D,06/11/2026,Eldoret,Day,OP-E03,ELD-P03,954.5,19.1,0,224,none
MO-20260918-MOM-D,18/09/2026,Mombasa,Day,OP-M02,MBA-P03,1106.7,26.8,0,215,none
MO-20260206-MOM-N,06/02/2026,Mombasa,Night,OP-M03,MBA-P02,1127.2,34.2,0,218,none
MO-20260902-NAI-N,02/09/2026,Nairobi,Night,OP-N02,NBI-P04,1033.3,16.7,0,223,none
MO-20261018-KIS-N,18/10/2026,Kisumu,Night,OP-K03,KSM-P03,991.0,22.8,0,204,none
MO-20261111-MOM-N,11/11/2026,Mombasa,Night,OP-M02,MBA-P03,1022.4,26.2,0,218,none
MO-20261017-NAI-N,17/10/2026,Nairobi,Night,OP-N01,NBI-P03,616.3,21.7,1,236,missed_maintenance
MO-20261116-KIS-N,16/11/2026,Kisumu,Night,OP-K01,KSM-P02,928.8,27.9,0,220,none
MO-20261128-KIS-N,28/11/2026,Kisumu,Night,OP-K02,KSM-P01,1006.0,25.4,0,231,none
MO-20260714-NAI-D,14/07/2026,Nairobi,Day,OP-N01,NBI-P03,569.0,22.6,1,223,missed_maintenance
MO-20261216-ELD-D,16/12/2026,Eldoret,Day,OP-E03,ELD-P03,973.8,20.1,0,216,none
MO-20261119-KIS-D,19/11/2026,Kisumu,Day,OP-K03,KSM-P03,1045.2,25.6,0,218,none
MO-20260924-MOM-N,24/09/2026,Mombasa,Night,OP-M02,MBA-P02,956.2,25.5,0,214,none
MO-20260310-NAI-D,10/03/2026,Nairobi,Day,OP-N03,NBI-P03,694.6,26.2,1,227,missed_maintenance
MO-20260617-ELD-N,17/06/2026,Eldoret,Night,OP-E03,ELD-P03,995.8,18.4,0,227,none
MO-20260111-NAI-D,11/01/2026,Nairobi,Day,OP-N01,NBI-P02,1186.2,26.9,0,216,none
MO-20260911-NAI-N,11/09/2026,Nairobi,Night,OP-N02,NBI-P03,606.1,20.5,1,221,missed_maintenance
MO-20260708-NAI-D,08/07/2026,Nairobi,Day,OP-N04,NBI-P03,623.4,22.9,1,224,missed_maintenance
MO-20260328-ELD-D,28/03/2026,Eldoret,Day,OP-E01,ELD-P02,999.5,21.9,0,229,none
MO-20260430-KIS-D,30/04/2026,Kisumu,Day,OP-K01,KSM-P01,1063.8,31.0,0,224,none
MO-20260531-MOM-D,31/05/2026,Mombasa,Day,OP-M02,MBA-P02,1108.3,30.5,0,230,none
MO-20260621-MOM-D,21/06/2026,Mombasa,Day,OP-M04,MBA-P02,1071.7,30.0,0,220,none
MO-20260411-KIS-N,11/04/2026,Kisumu,Night,OP-K01,KSM-P03,963.5,28.8,0,213,none
MO-20261015-NAI-D,15/10/2026,Nairobi,Day,OP-N02,NBI-P03,534.0,21.8,1,211,missed_maintenance
MO-20260315-KIS-D,15/03/2026,Kisumu,Day,OP-K02,KSM-P03,1051.7,28.4,0,223,none
MO-20260504-MOM-D,04/05/2026,Mombasa,Day,OP-M04,MBA-P01,1015.7,29.7,0,234,none
MO-20260730-KIS-N,30/07/2026,Kisumu,Night,OP-K01,KSM-P02,1022.9,23.0,0,228,none
MO-20260130-NAI-D,30/01/2026,Nairobi,Day,OP-N05,NBI-P02,1122.0,27.2,0,220,none
MO-20260928-NAI-D,28/09/2026,Nairobi,Day,OP-N05,NBI-P03,627.4,21.6,1,219,missed_maintenance
MO-20260214-KIS-N,14/02/2026,Kisumu,Night,OP-K02,KSM-P02,893.7,30.1,0,218,none
MO-20260414-MOM-D,14/04/2026,Mombasa,Day,OP-M03,MBA-P01,1093.3,33.9,0,229,none
MO-20260528-NAI-D,28/05/2026,Nairobi,Day,OP-N03,NBI-P03,677.8,21.0,1,217,missed_maintenance
MO-20260816-KIS-D,16/08/2026,Kisumu,Day,OP-K02,KSM-P03,972.1,23.8,0,230,none
MO-20260723-NAI-D,23/07/2026,Nairobi,Day,OP-N05,NBI-P02,1120.5,24.0,0,222,none
MO-20260712-NAI-N,12/07/2026,Nairobi,Night,OP-N05,NBI-P03,552.6,21.8,1,220,missed_maintenance
MO-20260913-ELD-N,13/09/2026,Eldoret,Night,OP-E03,ELD-P02,1035.2,14.1,0,226,none
MO-20260303-KIS-D,03/03/2026,Kisumu,Day,OP-K03,KSM-P02,1090.6,28.8,0,221,none
MO-20261116-NAI-D,16/11/2026,Nairobi,Day,OP-N02,NBI-P03,633.9,20.3,1,220,missed_maintenance
MO-20260624-KIS-D,24/06/2026,Kisumu,Day,OP-K01,KSM-P03,1017.8,27.2,0,232,none
MO-20261113-KIS-D,13/11/2026,Kisumu,Day,OP-K01,KSM-P02,1095.9,25.5,0,226,none
MO-20260112-MOM-N,12/01/2026,Mombasa,Night,OP-M02,MBA-P03,942.0,36.9,0,228,none
MO-20260709-MOM-N,09/07/2026,Mombasa,Night,OP-M03,MBA-P03,901.8,28.6,0,239,none
MO-20260509-KIS-D,09/05/2026,Kisumu,Day,OP-K03,KSM-P02,1009.2,31.8,0,227,none
MO-20261117-MOM-N,17/11/2026,Mombasa,Night,OP-M03,MBA-P03,1096.1,30.6,0,220,none
MO-20260524-KIS-D,24/05/2026,Kisumu,Day,OP-K01,KSM-P02,1003.4,25.3,0,220,none
MO-20260424-MOM-D,24/04/2026,Mombasa,Day,OP-M04,MBA-P03,1125.7,36.9,0,219,none
MO-20260505-ELD-D,05/05/2026,Eldoret,Day,OP-E03,ELD-P02,1055.2,21.0,0,232,none
MO-20260922-KIS-N,22/09/2026,Kisumu,Night,OP-K02,KSM-P03,1035.1,23.1,0,216,none
MO-20260101-NAI-N,01/01/2026,Nairobi,Night,OP-N05,NBI-P03,943.9,27.3,0,220,none
MO-20260808-KIS-D,08/08/2026,Kisumu,Day,OP-K02,KSM-P03,1016.2,23.7,0,235,none
MO-20261029-MOM-D,29/10/2026,Mombasa,Day,OP-M02,MBA-P02,1060.6,31.8,0,207,none
MO-20260809-NAI-N,09/08/2026,Nairobi,Night,OP-N05,NBI-P03,694.5,21.0,1,213,missed_maintenance
MO-20260213-ELD-D,13/02/2026,Eldoret,Day,OP-E01,ELD-P03,1044.0,22.0,0,220,none
MO-20260928-ELD-D,28/09/2026,Eldoret,Day,OP-E03,ELD-P01,1021.6,17.6,0,226,none
MO-20260721-ELD-D,21/07/2026,Eldoret,Day,OP-E01,ELD-P03,989.1,16.6,0,227,none
MO-20260815-KIS-N,15/08/2026,Kisumu,Night,OP-K03,KSM-P03,1083.6,22.9,0,214,none
MO-20261003-MOM-N,03/10/2026,Mombasa,Night,OP-M02,MBA-P03,953.3,23.8,0,230,none
MO-20261021-NAI-D,21/10/2026,Nairobi,Day,OP-N01,NBI-P03,698.4,19.0,1,224,missed_maintenance
MO-20260507-MOM-D,07/05/2026,Mombasa,Day,OP-M02,MBA-P03,1112.6,32.4,0,220,none
MO-20260623-ELD-N,23/06/2026,Eldoret,Night,OP-E02,ELD-P02,860.8,14.5,0,210,none
MO-20260329-ELD-D,29/03/2026,Eldoret,Day,OP-E02,ELD-P01,1082.1,26.5,0,229,none
MO-20260120-MOM-N,20/01/2026,Mombasa,Night,OP-M04,MBA-P02,1069.1,33.2,0,224,none
MO-20260428-KIS-D,28/04/2026,Kisumu,Day,OP-K03,KSM-P02,1102.1,29.3,0,225,none
MO-20260615-ELD-N,15/06/2026,Eldoret,Night,OP-E03,ELD-P02,931.9,21.4,0,222,none
MO-20260219-NAI-D,19/02/2026,Nairobi,Day,OP-N03,NBI-P03,626.5,25.8,1,233,missed_maintenance
MO-20260114-KIS-N,14/01/2026,Kisumu,Night,OP-K03,KSM-P01,984.8,31.3,0,212,none
MO-20260312-KIS-D,12/03/2026,Kisumu,Day,OP-K03,KSM-P02,1073.2,28.8,0,230,none
MO-20260724-ELD-N,24/07/2026,Eldoret,Night,OP-E01,ELD-P03,976.2,18.5,0,215,none
MO-20261125-NAI-D,25/11/2026,Nairobi,Day,OP-N02,NBI-P04,1039.0,24.9,0,219,none
MO-20261225-KIS-N,25/12/2026,Kisumu,Night,OP-K03,KSM-P02,994.9,26.6,0,225,none
MO-20260312-ELD-D,12/03/2026,Eldoret,Day,OP-E02,ELD-P02,1128.7,23.4,0,236,none
MO-20260612-NAI-N,12/06/2026,Nairobi,Night,OP-N04,NBI-P03,564.1,21.1,1,219,missed_maintenance
MO-20260422-MOM-N,22/04/2026,Mombasa,Night,OP-M03,MBA-P03,1078.0,35.3,0,224,none
MO-20261112-ELD-D,12/11/2026,Eldoret,Day,OP-E03,ELD-P02,964.5,20.1,0,214,none
MO-20261021-NAI-N,21/10/2026,Nairobi,Night,OP-N02,NBI-P03,571.0,20.6,1,212,missed_maintenance
MO-20261212-KIS-N,12/12/2026,Kisumu,Night,OP-K03,KSM-P03,1037.6,27.2,0,218,none
MO-20260409-MOM-N,09/04/2026,Mombasa,Night,OP-M04,MBA-P01,882.5,35.7,0,217,none
MO-20261204-KIS-D,04/12/2026,Kisumu,Day,OP-K03,KSM-P01,998.3,26.4,0,212,none
MO-20260401-NAI-N,01/04/2026,Nairobi,Night,OP-N05,NBI-P03,560.6,30.0,1,223,missed_maintenance
MO-20260220-ELD-D,20/02/2026,Eldoret,Day,OP-E02,ELD-P01,1107.4,22.6,0,223,none
MO-20260129-ELD-N,29/01/2026,Eldoret,Night,OP-E03,ELD-P01,895.9,19.2,0,214,none
MO-20260606-ELD-D,06/06/2026,Eldoret,Day,OP-E02,ELD-P03,994.2,19.1,0,216,none
MO-20260906-NAI-D,06/09/2026,Nairobi,Day,OP-N03,NBI-P03,691.7,17.8,1,219,missed_maintenance
MO-20261016-ELD-N,16/10/2026,Eldoret,Night,OP-E02,ELD-P01,745.8,17.5,0,205,none
MO-20261010-MOM-D,10/10/2026,Mombasa,Day,OP-M01,MBA-P01,1126.2,24.6,0,220,none
MO-20260228-KIS-N,28/02/2026,Kisumu,Night,OP-K03,KSM-P01,1047.5,32.9,0,228,none
MO-20261222-ELD-N,22/12/2026,Eldoret,Night,OP-E01,ELD-P02,920.3,20.3,0,221,none
MO-20260313-KIS-N,13/03/2026,Kisumu,Night,OP-K02,KSM-P01,946.5,31.7,0,210,none
MO-20260713-ELD-D,13/07/2026,Eldoret,Day,OP-E02,ELD-P02,1057.6,14.6,0,224,none
MO-20260417-MOM-N,17/04/2026,Mombasa,Night,OP-M04,MBA-P03,919.9,34.2,0,218,none
MO-20260708-KIS-D,08/07/2026,Kisumu,Day,OP-K01,KSM-P03,1009.0,25.1,0,222,none
MO-20260321-MOM-D,21/03/2026,Mombasa,Day,,MBA-P01,1160.5,34.8,0,229,none
MO-20260522-NAI-D,22/05/2026,Nairobi,Day,OP-N05,NBI-P03,617.0,24.2,1,220,missed_maintenance
MO-20260827-ELD-D,27/08/2026,Eldoret,Day,OP-E01,ELD-P01,967.9,15.1,0,213,none
MO-20261231-ELD-N,31/12/2026,Eldoret,Night,OP-E02,ELD-P01,893.5,19.0,0,216,none
MO-20260715-ELD-D,15/07/2026,Eldoret,Day,OP-E03,ELD-P02,1005.5,17.4,0,226,none
MO-20260720-MOM-N,20/07/2026,Mombasa,Night,OP-M04,MBA-P02,1022.8,27.7,0,216,none
MO-20260426-KIS-N,26/04/2026,Kisumu,Night,OP-K02,KSM-P03,1131.2,32.6,0,214,none
MO-20260124-NAI-D,24/01/2026,Nairobi,Day,OP-N03,NBI-P01,1088.4,27.1,0,221,none
MO-20261224-ELD-N,24/12/2026,Eldoret,Night,OP-E01,ELD-P02,944.2,20.5,0,215,none
MO-20260506-ELD-N,06/05/2026,Eldoret,Night,OP-E01,ELD-P01,894.7,21.2,0,228,none
MO-20260308-KIS-D,08/03/2026,Kisumu,Day,OP-K03,KSM-P02,989.8,31.4,0,220,none
MO-20260718-ELD-D,18/07/2026,Eldoret,Day,OP-E03,ELD-P03,993.2,15.8,0,217,none
MO-20260823-MOM-N,23/08/2026,Mombasa,Night,OP-M04,MBA-P02,866.7,28.5,0,222,none
MO-20260314-ELD-N,14/03/2026,Eldoret,Night,OP-E01,ELD-P02,1004.2,23.7,0,217,none
MO-20260922-MOM-D,22/09/2026,Mombasa,Day,OP-M04,MBA-P03,1055.5,27.5,0,217,none
MO-20260211-ELD-N,11/02/2026,Eldoret,Night,OP-E02,ELD-P01,1042.7,24.0,0,216,none
MO-20261005-NAI-D,05/10/2026,Nairobi,Day,OP-N03,NBI-P02,723.7,21.5,0,224,operator_blunder
MO-20260818-KIS-D,18/08/2026,Kisumu,Day,OP-K02,KSM-P02,1011.5,24.5,0,222,none
MO-20260504-KIS-N,04/05/2026,Kisumu,Night,OP-K01,KSM-P01,928.2,31.2,0,213,none
MO-20260408-KIS-N,08/04/2026,Kisumu,Night,OP-K02,KSM-P01,979.4,34.4,0,213,none
MO-20260805-NAI-D,05/08/2026,Nairobi,Day,OP-N01,NBI-P03,634.0,19.5,1,224,missed_maintenance
MO-20260419-ELD-D,19/04/2026,Eldoret,Day,OP-E01,ELD-P02,998.6,23.9,0,227,none
MO-20261203-ELD-N,03/12/2026,Eldoret,Night,OP-E01,ELD-P01,750.2,21.7,0,221,none
MO-20261211-KIS-D,11/12/2026,Kisumu,Day,OP-K03,KSM-P03,1000.0,26.7,0,218,none
MO-20260412-ELD-D,12/04/2026,Eldoret,Day,OP-E02,ELD-P01,952.3,24.7,0,229,none
MO-20260827-ELD-N,27/08/2026,Eldoret,Night,OP-E03,ELD-P03,888.2,15.0,0,214,none
MO-20260411-KIS-D,11/04/2026,Kisumu,Day,OP-K03,KSM-P01,954.5,29.2,0,220,none
MO-20260717-ELD-N,17/07/2026,Eldoret,Night,OP-E02,ELD-P03,984.1,17.6,0,221,none
MO-20260404-KIS-N,04/04/2026,Kisumu,Night,OP-K01,KSM-P01,1114.8,30.4,0,227,none
MO-20260819-MOM-N,19/08/2026,Mombasa,Night,OP-M01,MBA-P01,999.0,25.3,0,224,none
MO-20260122-MOM-D,22/01/2026,Mombasa,Day,OP-M04,MBA-P02,1005.0,31.3,0,217,none
MO-20261107-NAI-N,07/11/2026,Nairobi,Night,OP-N05,NBI-P03,601.7,18.0,1,221,missed_maintenance
MO-20260721-ELD-N,21/07/2026,Eldoret,Night,OP-E01,ELD-P03,908.0,16.8,0,222,none
MO-20260311-MOM-N,11/03/2026,Mombasa,Night,OP-M03,MBA-P03,966.5,32.5,0,220,none
MO-20260816-ELD-D,16/08/2026,Eldoret,Day,OP-E03,ELD-P02,927.3,13.9,0,227,none
MO-20260922-NAI-N,22/09/2026,Nairobi,Night,OP-N04,NBI-P03,642.0,20.7,1,223,missed_maintenance
MO-20260709-KIS-N,09/07/2026,Kisumu,Night,OP-K02,KSM-P01,,22.9,0,225,none
MO-20260310-ELD-D,10/03/2026,Eldoret,Day,OP-E02,ELD-P03,948.4,21.7,0,220,none
MO-20260328-NAI-N,28/03/2026,Nairobi,Night,OP-N02,NBI-P03,683.3,26.8,1,228,missed_maintenance
MO-20260803-ELD-D,03/08/2026,Eldoret,Day,OP-E01,ELD-P01,987.6,16.9,0,226,none
MO-20261020-KIS-N,20/10/2026,Kisumu,Night,OP-K02,KSM-P03,951.5,21.8,0,228,none
MO-20260216-NAI-N,16/02/2026,Nairobi,Night,OP-N04,NBI-P03,619.8,27.1,1,209,missed_maintenance
MO-20260205-ELD-N,05/02/2026,Eldoret,Night,OP-E03,ELD-P01,862.6,20.3,0,224,none
MO-20260131-NAI-N,31/01/2026,Nairobi,Night,OP-N03,NBI-P01,1017.5,26.1,0,215,none
MO-20261004-ELD-D,04/10/2026,Eldoret,Day,OP-E03,ELD-P01,992.1,14.1,0,226,none
MO-20261126-ELD-N,26/11/2026,Eldoret,Night,OP-E01,ELD-P03,994.2,16.1,0,223,none
MO-20260113-NAI-D,13/01/2026,Nairobi,Day,OP-N01,NBI-P01,1076.1,26.6,0,226,none
MO-20260223-MOM-D,23/02/2026,Mombasa,Day,OP-M04,MBA-P03,1138.9,30.6,0,218,none
MO-20260724-KIS-D,24/07/2026,Kisumu,Day,OP-K02,KSM-P03,978.2,26.1,0,220,none
MO-20260405-NAI-N,05/04/2026,Nairobi,Night,OP-N01,NBI-P03,604.9,26.3,1,226,missed_maintenance
MO-20260120-ELD-D,20/01/2026,Eldoret,Day,OP-E03,ELD-P01,884.3,22.5,0,220,none
MO-20260709-ELD-D,09/07/2026,Eldoret,Day,OP-E02,ELD-P01,945.5,16.0,0,221,none
MO-20260528-KIS-D,28/05/2026,Kisumu,Day,OP-K01,KSM-P03,1000.7,27.5,0,229,none
MO-20260622-KIS-N,22/06/2026,Kisumu,Night,OP-K01,KSM-P01,988.5,23.0,0,215,none
MO-20261109-NAI-N,09/11/2026,Nairobi,Night,OP-N04,NBI-P03,593.3,18.1,1,219,missed_maintenance
MO-20260628-NAI-N,28/06/2026,Nairobi,Night,OP-N03,NBI-P03,564.6,21.5,1,219,missed_maintenance
MO-20260828-MOM-D,28/08/2026,Mombasa,Day,OP-M01,MBA-P01,964.1,24.4,0,220,none
MO-20260916-KIS-N,16/09/2026,Kisumu,Night,OP-K03,KSM-P02,811.6,18.7,0,210,none
MO-20260501-KIS-N,01/05/2026,Kisumu,Night,OP-K02,KSM-P03,896.4,28.1,0,221,none
MO-20260201-KIS-D,01/02/2026,Kisumu,Day,OP-K01,KSM-P03,1100.3,28.9,0,216,none
MO-20261129-ELD-N,29/11/2026,Eldoret,Night,OP-E01,ELD-P03,899.3,18.2,0,232,none
MO-20260219-ELD-D,19/02/2026,Eldoret,Day,OP-E03,ELD-P03,1033.4,21.0,0,222,none
MO-20261222-KIS-N,22/12/2026,Kisumu,Night,OP-K01,KSM-P02,956.5,29.8,0,217,none
MO-20260706-ELD-D,06/07/2026,Eldoret,Day,,ELD-P03,970.6,20.2,0,223,none
MO-20260819-NAI-N,19/08/2026,Nairobi,Night,OP-N03,NBI-P03,577.9,19.2,1,219,missed_maintenance
MO-20260408-KIS-D,08/04/2026,Kisumu,Day,OP-K03,KSM-P02,949.5,32.0,0,220,none
MO-20260122-KIS-D,22/01/2026,Kisumu,Day,OP-K02,KSM-P02,1022.0,33.0,0,231,none
MO-20260914-ELD-N,14/09/2026,Eldoret,Night,OP-E03,ELD-P02,1015.1,11.5,0,226,none
MO-20260815-MOM-D,15/08/2026,Mombasa,Day,OP-M03,MBA-P03,591.3,29.4,0,214,operator_blunder
MO-20260406-NAI-N,06/04/2026,Nairobi,Night,OP-N03,NBI-P02,925.0,28.1,0,212,none
MO-20260524-MOM-D,24/05/2026,Mombasa,Day,OP-M04,MBA-P03,998.8,29.5,0,227,none
MO-20261013-NAI-D,13/10/2026,Nairobi,Day,OP-N05,NBI-P03,610.3,22.3,1,223,missed_maintenance
MO-20260618-KIS-D,18/06/2026,Kisumu,Day,OP-K03,KSM-P01,943.3,26.5,0,218,none
MO-20260412-MOM-D,12/04/2026,Mombasa,Day,OP-M03,MBA-P02,1151.4,34.6,0,217,none
MO-20260213-NAI-N,13/02/2026,Nairobi,Night,OP-N04,NBI-P03,633.2,28.5,1,223,missed_maintenance
MO-20261117-ELD-N,17/11/2026,Eldoret,Night,OP-E03,ELD-P01,782.6,14.8,0,218,none
MO-20261102-MOM-N,02/11/2026,Mombasa,Night,OP-M04,MBA-P01,999.1,26.4,0,210,none
MO-20260213-KIS-D,13/02/2026,Kisumu,Day,OP-K03,KSM-P01,1029.1,30.8,0,225,none
MO-20260130-MOM-D,30/01/2026,Mombasa,Day,OP-M04,MBA-P01,1063.9,33.5,0,230,none
MO-20260219-MOM-N,19/02/2026,Mombasa,Night,OP-M01,MBA-P03,1048.6,34.7,0,220,none
MO-20260707-KIS-N,07/07/2026,Kisumu,Night,OP-K03,KSM-P01,,29.6,0,225,none
MO-20260512-KIS-N,12/05/2026,Kisumu,Night,OP-K02,KSM-P03,1074.9,31.2,0,209,none
MO-20261023-ELD-D,23/10/2026,Eldoret,Day,OP-E02,ELD-P01,982.0,14.9,0,229,none
MO-20260405-MOM-N,05/04/2026,Mombasa,Night,OP-M03,MBA-P02,1068.2,30.8,0,217,none
MO-20261121-MOM-N,21/11/2026,Mombasa,Night,OP-M02,MBA-P03,913.9,27.6,0,218,none
MO-20260506-KIS-D,06/05/2026,Kisumu,Day,OP-K03,KSM-P03,1094.5,30.2,0,229,none
MO-20260118-NAI-D,18/01/2026,Nairobi,Day,OP-N02,NBI-P02,1134.6,24.2,0,219,none
MO-20260726-ELD-D,26/07/2026,Eldoret,Day,OP-E01,ELD-P01,986.4,18.1,0,224,none
MO-20260506-NAI-D,06/05/2026,Nairobi,Day,OP-N04,NBI-P03,544.6,30.4,1,228,missed_maintenance
MO-20261209-KIS-D,09/12/2026,Kisumu,Day,OP-K01,KSM-P02,1076.4,28.7,0,228,none
MO-20260219-ELD-N,19/02/2026,Eldoret,Night,OP-E01,ELD-P02,935.0,24.6,0,221,none
MO-20261020-KIS-D,20/10/2026,Kisumu,Day,OP-K01,KSM-P01,981.2,26.0,0,225,none
MO-20261102-ELD-N,02/11/2026,Eldoret,Night,OP-E01,ELD-P02,806.1,17.4,0,210,none
MO-20260718-ELD-N,18/07/2026,Eldoret,Night,OP-E02,ELD-P01,882.7,17.7,0,215,none
MO-20260603-MOM-D,03/06/2026,Mombasa,Day,OP-M03,MBA-P01,1090.1,33.3,0,214,none
MO-20260704-KIS-D,04/07/2026,Kisumu,Day,OP-K02,KSM-P02,1083.6,24.6,0,224,none
MO-20260920-NAI-N,20/09/2026,Nairobi,Night,OP-N03,NBI-P03,571.3,16.7,1,216,missed_maintenance
MO-20260908-MOM-D,08/09/2026,Mombasa,Day,OP-M03,MBA-P02,1061.4,24.3,0,225,none
MO-20260815-MOM-N,15/08/2026,Mombasa,Night,OP-M01,MBA-P01,1017.3,26.9,0,210,none
MO-20260826-MOM-N,26/08/2026,Mombasa,Night,OP-M04,MBA-P02,1011.6,26.3,0,209,none
MO-20260627-NAI-N,27/06/2026,Nairobi,Night,OP-N02,NBI-P01,956.2,23.3,0,231,none
MO-20260324-KIS-D,24/03/2026,Kisumu,Day,OP-K03,KSM-P01,1004.2,32.8,0,225,none
MO-20260118-ELD-N,18/01/2026,Eldoret,Night,OP-E03,ELD-P02,878.9,22.6,0,223,none
MO-20260704-MOM-D,04/07/2026,Mombasa,Day,OP-M03,MBA-P02,1048.1,30.2,0,221,none
MO-20260911-ELD-N,11/09/2026,Eldoret,Night,OP-E02,ELD-P01,923.5,16.1,0,228,none
MO-20260328-MOM-N,28/03/2026,Mombasa,Night,OP-M01,MBA-P03,1146.9,34.7,0,214,none
MO-20260218-KIS-D,18/02/2026,Kisumu,Day,OP-K02,KSM-P02,1071.3,28.0,0,232,none
MO-20260223-MOM-N,23/02/2026,Mombasa,Night,OP-M01,MBA-P02,1056.2,36.3,0,218,none
MO-20260312-NAI-D,12/03/2026,Nairobi,Day,OP-N01,NBI-P03,615.8,,1,223,missed_maintenance
MO-20260316-KIS-D,16/03/2026,Kisumu,Day,OP-K01,KSM-P02,1073.1,32.9,0,231,none
MO-20261025-NAI-D,25/10/2026,Nairobi,Day,OP-N03,NBI-P03,613.6,21.1,1,221,missed_maintenance
MO-20260319-MOM-N,19/03/2026,Mombasa,Night,OP-M04,MBA-P01,1068.9,37.8,0,216,none
MO-20260312-KIS-N,12/03/2026,Kisumu,Night,OP-K03,KSM-P03,882.7,29.9,0,220,none
MO-20261114-MOM-D,14/11/2026,Mombasa,Day,OP-M02,MBA-P01,1067.5,32.2,0,226,none
MO-20260225-NAI-N,25/02/2026,Nairobi,Night,OP-N02,NBI-P03,630.9,27.7,1,211,missed_maintenance
MO-20260218-NAI-N,18/02/2026,Nairobi,Night,OP-N05,NBI-P03,663.6,28.2,1,212,missed_maintenance
MO-20260416-KIS-N,16/04/2026,Kisumu,Night,OP-K03,KSM-P03,955.6,31.9,0,216,none
MO-20261216-MOM-N,16/12/2026,Mombasa,Night,OP-M01,MBA-P03,1048.3,29.0,0,222,none
MO-20261117-NAI-D,17/11/2026,Nairobi,Day,OP-N03,NBI-P03,545.7,23.4,1,233,missed_maintenance
MO-20261010-ELD-D,10/10/2026,Eldoret,Day,OP-E02,ELD-P01,965.8,14.5,0,224,none
MO-20260224-ELD-N,24/02/2026,Eldoret,Night,OP-E02,ELD-P02,966.3,23.7,0,217,none
MO-20260606-ELD-N,06/06/2026,Eldoret,Night,OP-E03,ELD-P01,956.7,21.1,0,220,none
MO-20260215-NAI-N,15/02/2026,Nairobi,Night,OP-N05,NBI-P03,648.8,30.1,1,226,missed_maintenance
MO-20260311-MOM-D,11/03/2026,Mombasa,Day,OP-M04,MBA-P02,1047.7,34.2,0,221,none
MO-20260308-MOM-N,08/03/2026,Mombasa,Night,OP-M04,MBA-P03,935.4,38.0,0,219,none
MO-20260205-MOM-D,05/02/2026,Mombasa,Day,OP-M02,MBA-P03,1101.3,31.1,0,220,none
MO-20260302-ELD-N,02/03/2026,Eldoret,Night,OP-E03,ELD-P01,1025.3,18.9,0,223,none
MO-20260905-NAI-D,05/09/2026,Nairobi,Day,OP-N03,NBI-P01,1036.3,22.5,0,211,none
MO-20260330-NAI-N,30/03/2026,Nairobi,Night,OP-N03,NBI-P03,623.1,24.8,1,220,missed_maintenance
MO-20261229-ELD-D,29/12/2026,Eldoret,Day,OP-E02,ELD-P02,1026.4,20.1,0,219,none
MO-20260930-ELD-D,30/09/2026,Eldoret,Day,OP-E01,ELD-P03,929.4,16.4,0,210,none
MO-20260804-NAI-N,04/08/2026,Nairobi,Night,OP-N04,NBI-P04,1016.0,19.0,0,224,none
MO-20260605-NAI-N,05/06/2026,Nairobi,Night,OP-N03,NBI-P03,676.6,22.6,1,217,missed_maintenance
MO-20260507-ELD-D,07/05/2026,Eldoret,Day,OP-E02,ELD-P02,1056.9,22.5,0,218,none
MO-20260608-ELD-D,08/06/2026,Eldoret,Day,OP-E01,ELD-P02,990.2,18.2,0,219,none
MO-20260202-ELD-N,02/02/2026,Eldoret,Night,OP-E03,ELD-P03,955.7,21.7,0,219,none
MO-20261002-NAI-D,02/10/2026,Nairobi,Day,OP-N05,NBI-P03,681.9,21.4,1,225,missed_maintenance
MO-20260930-NAI-N,30/09/2026,Nairobi,Night,OP-N05,NBI-P03,553.4,19.8,1,215,missed_maintenance
MO-20261213-KIS-N,13/12/2026,Kisumu,Night,OP-K02,KSM-P01,912.8,28.7,0,206,none
MO-20260410-ELD-N,10/04/2026,Eldoret,Night,OP-E02,ELD-P02,1074.3,23.7,0,209,none
MO-20260417-ELD-D,17/04/2026,Eldoret,Day,OP-E02,ELD-P02,1083.1,22.3,0,223,none
MO-20261205-KIS-D,05/12/2026,Kisumu,Day,OP-K02,KSM-P02,922.1,28.5,0,227,none
MO-20261127-MOM-D,27/11/2026,Mombasa,Day,OP-M03,MBA-P01,1044.8,28.4,0,232,none
MO-20260304-NAI-N,04/03/2026,Nairobi,Night,OP-N03,NBI-P03,619.9,27.7,1,219,missed_maintenance
MO-20261111-ELD-D,11/11/2026,Eldoret,Day,OP-E03,ELD-P03,846.3,20.5,0,223,none
MO-20261130-MOM-N,30/11/2026,Mombasa,Night,OP-M04,MBA-P01,972.3,32.5,0,213,none
MO-20260924-ELD-D,24/09/2026,Eldoret,Day,OP-E02,ELD-P01,935.9,17.1,0,220,none
MO-20261118-NAI-N,18/11/2026,Nairobi,Night,OP-N04,NBI-P03,513.5,21.6,1,223,missed_maintenance
MO-20260413-ELD-D,13/04/2026,Eldoret,Day,OP-E01,ELD-P03,1042.5,23.9,0,211,none
MO-20261217-KIS-N,17/12/2026,Kisumu,Night,OP-K03,KSM-P02,1003.6,25.7,0,216,none
MO-20261207-KIS-D,07/12/2026,Kisumu,Day,OP-K03,KSM-P02,990.0,23.0,0,227,none
MO-20260410-ELD-D,10/04/2026,Eldoret,Day,OP-E01,ELD-P01,1109.5,24.8,0,229,none
MO-20260707-NAI-N,07/07/2026,Nairobi,Night,OP-N01,NBI-P03,499.1,22.2,1,211,missed_maintenance
MO-20260414-ELD-D,14/04/2026,Eldoret,Day,OP-E03,ELD-P01,883.8,22.3,0,228,none
MO-20260109-KIS-N,09/01/2026,Kisumu,Night,OP-K03,KSM-P02,909.3,29.0,0,229,none
MO-20260214-NAI-D,14/02/2026,Nairobi,Day,OP-N01,NBI-P03,689.7,27.8,1,227,missed_maintenance
MO-20260701-KIS-N,01/07/2026,Kisumu,Night,OP-K02,KSM-P01,981.6,21.9,0,222,none
MO-20260321-KIS-D,21/03/2026,Kisumu,Day,OP-K02,KSM-P03,1144.5,30.8,0,214,none
MO-20260217-KIS-N,17/02/2026,Kisumu,Night,OP-K03,KSM-P02,1090.0,30.1,0,216,none
MO-20260725-MOM-N,25/07/2026,Mombasa,Night,OP-M03,MBA-P01,1054.4,28.2,0,225,none
MO-20261116-KIS-D,16/11/2026,Kisumu,Day,OP-K01,KSM-P02,1001.8,28.1,0,219,none
MO-20261005-NAI-N,05/10/2026,Nairobi,Night,OP-N03,NBI-P03,611.1,24.1,1,216,missed_maintenance
MO-20260320-KIS-D,20/03/2026,Kisumu,Day,OP-K02,KSM-P02,942.7,31.6,0,219,none
MO-20261109-MOM-D,09/11/2026,Mombasa,Day,OP-M01,MBA-P01,1010.4,29.9,0,227,none
MO-20260704-NAI-N,04/07/2026,Nairobi,Night,OP-N04,NBI-P03,712.1,20.6,1,212,missed_maintenance
MO-20261117-NAI-N,17/11/2026,Nairobi,Night,OP-N05,NBI-P03,611.1,24.5,1,214,missed_maintenance
MO-20261026-KIS-N,26/10/2026,Kisumu,Night,OP-K01,KSM-P02,857.3,24.2,0,211,none
MO-20261127-KIS-D,27/11/2026,Kisumu,Day,OP-K01,KSM-P01,999.0,25.7,0,216,none
MO-20260414-KIS-N,14/04/2026,Kisumu,Night,OP-K01,KSM-P03,891.8,29.8,0,220,none
MO-20260207-MOM-D,07/02/2026,Mombasa,Day,OP-M03,MBA-P01,1052.4,34.9,0,221,none
MO-20260102-KIS-N,02/01/2026,Kisumu,Night,OP-K01,KSM-P01,829.7,26.9,0,207,none
MO-20260423-ELD-D,23/04/2026,Eldoret,Day,OP-E03,ELD-P02,1069.9,24.9,0,217,none
MO-20260130-ELD-D,30/01/2026,Eldoret,Day,OP-E02,ELD-P01,1045.0,23.5,0,229,none
MO-20260324-MOM-D,24/03/2026,Mombasa,Day,OP-M01,MBA-P03,1099.1,37.5,0,215,none
MO-20260320-ELD-D,20/03/2026,Eldoret,Day,OP-E01,ELD-P02,1020.1,21.5,0,217,none
MO-20260810-KIS-D,10/08/2026,Kisumu,Day,OP-K01,KSM-P03,1044.1,23.3,0,226,none
MO-20261109-KIS-N,09/11/2026,Kisumu,Night,OP-K01,KSM-P02,820.6,24.1,0,216,none
MO-20261019-KIS-N,19/10/2026,Kisumu,Night,OP-K03,KSM-P02,975.9,24.3,0,211,none
MO-20260129-NAI-N,29/01/2026,Nairobi,Night,OP-N05,NBI-P01,1037.6,29.7,0,221,none
MO-20260829-NAI-D,29/08/2026,Nairobi,Day,OP-N05,NBI-P03,613.0,16.0,1,210,missed_maintenance
MO-20260103-ELD-N,03/01/2026,Eldoret,Night,OP-E02,ELD-P01,730.0,20.4,0,216,none
MO-20260920-ELD-N,20/09/2026,Eldoret,Night,OP-E01,ELD-P02,905.0,12.2,0,209,none
MO-20261009-KIS-N,09/10/2026,Kisumu,Night,OP-K02,KSM-P01,1018.0,22.7,0,221,none
MO-20260524-ELD-D,24/05/2026,Eldoret,Day,OP-E01,ELD-P03,998.6,19.3,0,228,none
MO-20260717-MOM-N,17/07/2026,Mombasa,Night,OP-M03,MBA-P02,998.4,30.3,0,218,none
MO-20260617-MOM-N,17/06/2026,Mombasa,Night,OP-M01,MBA-P02,1042.2,32.0,0,229,none
MO-20260620-KIS-D,20/06/2026,Kisumu,Day,OP-K02,KSM-P03,1045.7,25.6,0,230,none
MO-20260223-ELD-D,23/02/2026,Eldoret,Day,OP-E02,ELD-P01,957.2,20.6,0,218,none
MO-20260726-MOM-D,26/07/2026,Mombasa,Day,OP-M04,MBA-P02,1025.8,26.9,0,223,none
MO-20261231-NAI-N,31/12/2026,Nairobi,Night,OP-N01,NBI-P04,1081.9,27.6,0,222,none
MO-20260901-ELD-D,01/09/2026,Eldoret,Day,OP-E02,ELD-P02,962.7,15.1,0,229,none
MO-20260315-ELD-N,15/03/2026,Eldoret,Night,OP-E03,ELD-P03,889.5,22.9,0,222,none
MO-20260208-MOM-D,08/02/2026,Mombasa,Day,OP-M01,MBA-P03,1093.8,36.0,0,218,none
MO-20260514-ELD-D,14/05/2026,Eldoret,Day,OP-E01,ELD-P03,1070.9,23.7,0,226,none
MO-20260403-MOM-N,03/04/2026,Mombasa,Night,OP-M03,MBA-P01,919.3,37.5,0,224,none
MO-20260530-MOM-N,30/05/2026,Mombasa,Night,OP-M03,MBA-P01,1107.0,31.6,0,220,none
MO-20260428-NAI-N,28/04/2026,Nairobi,Night,OP-N05,NBI-P03,609.6,27.3,1,232,missed_maintenance
MO-20260505-KIS-D,05/05/2026,Kisumu,Day,OP-K03,KSM-P02,1146.8,27.2,0,220,none
MO-20260831-MOM-N,31/08/2026,Mombasa,Night,OP-M03,MBA-P02,987.1,24.2,0,214,none
MO-20260101-NAI-D,01/01/2026,Nairobi,Day,OP-N04,NBI-P01,1066.7,27.1,0,212,none
MO-20261104-MOM-N,04/11/2026,Mombasa,Night,OP-M04,MBA-P01,1068.0,29.1,0,234,none
MO-20260211-ELD-D,11/02/2026,Eldoret,Day,OP-E02,ELD-P02,1085.2,23.8,0,224,none
MO-20260728-MOM-N,28/07/2026,Mombasa,Night,OP-M03,MBA-P01,981.8,30.3,0,221,none
MO-20260419-KIS-D,19/04/2026,Kisumu,Day,OP-K02,KSM-P03,970.5,31.3,0,214,none
MO-20260101-KIS-D,01/01/2026,Kisumu,Day,OP-K02,KSM-P01,910.6,30.4,0,225,none
MO-20260220-ELD-N,20/02/2026,Eldoret,Night,OP-E01,ELD-P02,902.1,21.6,0,213,none
MO-20260806-MOM-N,06/08/2026,Mombasa,Night,OP-M01,MBA-P01,932.2,28.1,0,208,none
MO-20260410-KIS-D,10/04/2026,Kisumu,Day,OP-K01,KSM-P01,990.0,31.9,0,225,none
MO-20260725-KIS-D,25/07/2026,Kisumu,Day,OP-K02,KSM-P02,1068.6,27.3,0,228,none
MO-20260211-KIS-N,11/02/2026,Kisumu,Night,OP-K03,KSM-P03,943.7,33.2,0,218,none
MO-20260424-KIS-N,24/04/2026,Kisumu,Night,OP-K03,KSM-P03,1111.5,29.2,0,219,none
MO-20261028-KIS-N,28/10/2026,Kisumu,Night,OP-K02,KSM-P02,877.7,25.4,0,220,none
MO-20260810-KIS-N,10/08/2026,Kisumu,Night,OP-K01,KSM-P01,966.1,22.8,0,198,none
MO-20260307-ELD-D,07/03/2026,Eldoret,Day,OP-E01,ELD-P03,993.5,22.6,0,225,none
MO-20260728-MOM-D,28/07/2026,Mombasa,Day,OP-M02,MBA-P03,1083.6,25.4,0,226,none
MO-20260619-MOM-D,19/06/2026,Mombasa,Day,OP-M02,MBA-P01,1022.8,31.6,0,218,none
MO-20260718-NAI-D,18/07/2026,Nairobi,Day,OP-N02,NBI-P03,726.8,21.3,1,223,missed_maintenance
MO-20260727-NAI-N,27/07/2026,Nairobi,Night,OP-N05,NBI-P03,593.5,20.5,1,222,missed_maintenance
MO-20260327-ELD-D,27/03/2026,Eldoret,Day,OP-E03,ELD-P01,1095.8,28.2,0,234,none
MO-20260808-MOM-D,08/08/2026,Mombasa,Day,OP-M03,MBA-P02,1038.5,28.4,0,222,none
MO-20260807-KIS-D,07/08/2026,Kisumu,Day,OP-K01,KSM-P01,588.9,23.1,0,225,brief_equipment_fault
MO-20260123-MOM-N,23/01/2026,Mombasa,Night,OP-M03,MBA-P02,1101.6,33.4,0,221,none
MO-20260708-MOM-N,08/07/2026,Mombasa,Night,OP-M04,MBA-P01,1044.7,25.7,0,214,none
MO-20261107-MOM-D,07/11/2026,Mombasa,Day,OP-M01,MBA-P01,984.8,28.8,0,207,none
MO-20260826-KIS-D,26/08/2026,Kisumu,Day,OP-K02,KSM-P01,1117.5,20.6,0,224,none
MO-20261002-NAI-N,02/10/2026,Nairobi,Night,OP-N03,NBI-P03,542.9,21.0,1,208,missed_maintenance
MO-20260621-MOM-N,21/06/2026,Mombasa,Night,OP-M04,MBA-P02,912.6,30.5,0,221,none
MO-20261012-NAI-D,12/10/2026,Nairobi,Day,OP-N05,NBI-P03,655.4,19.2,1,230,missed_maintenance
MO-20260627-MOM-N,27/06/2026,Mombasa,Night,OP-M03,MBA-P03,964.3,29.8,0,221,none
MO-20261224-KIS-N,24/12/2026,Kisumu,Night,OP-K02,KSM-P02,931.3,28.4,0,218,none
MO-20260629-KIS-D,29/06/2026,Kisumu,Day,OP-K01,KSM-P03,1151.7,26.7,0,214,none
MO-20260821-KIS-N,21/08/2026,Kisumu,Night,OP-K01,KSM-P02,1010.3,21.2,0,216,none
MO-20261218-ELD-N,18/12/2026,Eldoret,Night,OP-E03,ELD-P02,867.5,18.6,0,221,none
MO-20260201-NAI-D,01/02/2026,Nairobi,Day,OP-N01,NBI-P03,637.1,27.3,1,229,missed_maintenance
MO-20260902-MOM-D,02/09/2026,Mombasa,Day,OP-M02,MBA-P01,1064.1,25.4,0,220,none
MO-20260723-MOM-D,23/07/2026,Mombasa,Day,OP-M02,MBA-P02,995.7,30.3,0,225,none
MO-20260212-NAI-D,12/02/2026,Nairobi,Day,OP-N01,NBI-P03,658.8,26.2,1,222,missed_maintenance
MO-20260119-ELD-D,19/01/2026,Eldoret,Day,OP-E01,ELD-P03,1043.0,22.1,0,222,none
MO-20260608-NAI-N,08/06/2026,Nairobi,Night,OP-N02,NBI-P03,625.8,26.5,1,218,missed_maintenance
MO-20260720-KIS-N,20/07/2026,Kisumu,Night,OP-K03,KSM-P03,996.9,23.7,0,222,none
MO-20261106-NAI-D,06/11/2026,Nairobi,Day,OP-N03,NBI-P03,670.2,19.9,1,229,missed_maintenance
MO-20260501-MOM-D,01/05/2026,Mombasa,Day,OP-M04,MBA-P02,1107.6,34.9,0,219,none
MO-20260421-MOM-D,21/04/2026,Mombasa,Day,OP-M04,MBA-P02,1000.4,36.4,0,228,none
MO-20260919-MOM-N,19/09/2026,Mombasa,Night,OP-M01,MBA-P02,934.8,25.5,0,214,none
MO-20260409-ELD-D,09/04/2026,Eldoret,Day,OP-E01,ELD-P01,962.2,26.0,0,220,none
MO-20260930-ELD-N,30/09/2026,Eldoret,Night,OP-E03,ELD-P01,912.8,16.4,0,211,none
MO-20260923-ELD-N,23/09/2026,Eldoret,Night,OP-E03,ELD-P03,933.5,16.9,0,223,none
MO-20260807-NAI-N,07/08/2026,Nairobi,Night,OP-N03,NBI-P03,662.1,19.8,1,210,missed_maintenance
MO-20261111-KIS-D,11/11/2026,Kisumu,Day,OP-K03,KSM-P03,973.6,25.7,0,215,none
MO-20261027-MOM-D,27/10/2026,Mombasa,Day,OP-M03,MBA-P01,940.2,28.6,0,214,none
MO-20260907-NAI-D,07/09/2026,Nairobi,Day,OP-N01,NBI-P03,634.4,14.7,1,222,missed_maintenance
MO-20260209-ELD-D,09/02/2026,Eldoret,Day,OP-E02,ELD-P02,984.0,23.5,0,220,none
MO-20260912-KIS-N,12/09/2026,Kisumu,Night,OP-K02,KSM-P01,1079.1,21.5,0,204,none
MO-20261128-ELD-N,28/11/2026,Eldoret,Night,OP-E01,ELD-P03,908.4,20.8,0,212,none
MO-20261109-MOM-N,09/11/2026,Mombasa,Night,OP-M04,MBA-P03,946.0,28.6,0,227,none
MO-20260720-ELD-N,20/07/2026,Eldoret,Night,OP-E02,ELD-P02,840.9,19.3,0,222,none
MO-20260501-NAI-D,01/05/2026,Nairobi,Day,OP-N03,NBI-P03,715.1,23.8,1,225,missed_maintenance
MO-20260603-MOM-N,03/06/2026,Mombasa,Night,OP-M02,MBA-P03,994.0,30.9,0,223,none
MO-20260302-ELD-D,02/03/2026,Eldoret,Day,OP-E01,ELD-P03,966.3,23.1,0,210,none
MO-20261130-KIS-D,30/11/2026,Kisumu,Day,OP-K03,KSM-P02,978.0,27.5,0,222,none
MO-20261125-KIS-D,25/11/2026,Kisumu,Day,OP-K01,KSM-P01,936.4,25.4,0,236,none
MO-20260827-KIS-D,27/08/2026,Kisumu,Day,OP-K01,KSM-P02,991.2,24.2,0,224,none
MO-20261001-NAI-N,01/10/2026,Nairobi,Night,OP-N04,NBI-P03,590.8,19.6,1,214,missed_maintenance
MO-20260728-NAI-N,28/07/2026,Nairobi,Night,OP-N01,NBI-P03,666.0,23.1,1,225,missed_maintenance
MO-20260107-NAI-N,07/01/2026,Nairobi,Night,OP-N02,NBI-P04,1087.1,27.8,0,222,none
MO-20261230-KIS-N,30/12/2026,Kisumu,Night,OP-K02,KSM-P01,1094.6,31.3,0,225,none
MO-20260719-ELD-D,19/07/2026,Eldoret,Day,OP-E03,ELD-P01,982.4,21.0,0,219,none
MO-20260610-NAI-N,10/06/2026,Nairobi,Night,OP-N03,NBI-P03,551.7,24.4,1,227,missed_maintenance
MO-20260401-ELD-D,01/04/2026,Eldoret,Day,OP-E01,ELD-P01,961.2,23.3,0,221,none
MO-20260908-MOM-N,08/09/2026,Mombasa,Night,OP-M03,MBA-P01,1009.5,24.7,0,220,none
MO-20260418-ELD-N,18/04/2026,Eldoret,Night,OP-E03,ELD-P03,695.5,25.3,0,214,none
MO-20260616-MOM-D,16/06/2026,Mombasa,Day,OP-M02,MBA-P02,1071.6,34.1,0,219,none
MO-20260513-ELD-D,13/05/2026,Eldoret,Day,OP-E03,ELD-P03,1077.4,20.6,0,227,none
MO-20260421-ELD-D,21/04/2026,Eldoret,Day,OP-E03,ELD-P02,1038.3,22.0,0,236,none
MO-20261127-ELD-D,27/11/2026,Eldoret,Day,OP-E03,ELD-P02,926.0,18.8,0,217,none
MO-20260722-NAI-N,22/07/2026,Nairobi,Night,OP-N03,NBI-P03,582.2,22.6,1,221,missed_maintenance
MO-20260702-NAI-N,02/07/2026,Nairobi,Night,OP-N03,NBI-P03,657.9,20.9,1,220,missed_maintenance
MO-20260401-KIS-N,01/04/2026,Kisumu,Night,OP-K02,KSM-P03,1053.5,31.7,0,213,none
MO-20260518-KIS-N,18/05/2026,Kisumu,Night,OP-K01,KSM-P03,993.8,28.2,0,214,none
MO-20260129-KIS-D,29/01/2026,Kisumu,Day,OP-K01,KSM-P02,961.8,29.3,0,216,none
MO-20260108-KIS-D,08/01/2026,Kisumu,Day,OP-K01,KSM-P03,1051.6,27.1,0,220,none
MO-20260627-KIS-D,27/06/2026,Kisumu,Day,OP-K01,KSM-P03,1033.8,25.8,0,224,none
MO-20260122-NAI-N,22/01/2026,Nairobi,Night,OP-N03,NBI-P04,1022.3,29.9,0,216,none
MO-20261021-ELD-N,21/10/2026,Eldoret,Night,OP-E03,ELD-P02,958.1,16.4,0,224,none
MO-20260519-NAI-D,19/05/2026,Nairobi,Day,OP-N05,NBI-P03,618.1,25.6,1,234,missed_maintenance
MO-20260106-KIS-D,06/01/2026,Kisumu,Day,OP-K03,KSM-P02,997.4,27.8,0,219,none
MO-20260715-NAI-D,15/07/2026,Nairobi,Day,OP-N04,NBI-P03,599.8,21.2,1,226,missed_maintenance
MO-20260918-ELD-D,18/09/2026,Eldoret,Day,OP-E03,ELD-P01,876.1,15.5,0,233,none
MO-20260413-KIS-N,13/04/2026,Kisumu,Night,OP-K01,KSM-P03,915.9,31.0,0,214,none
MO-20261012-ELD-D,12/10/2026,Eldoret,Day,OP-E02,ELD-P03,910.3,19.5,0,221,none
MO-20261030-MOM-D,30/10/2026,Mombasa,Day,OP-M04,MBA-P01,1005.9,25.9,0,223,none
MO-20260108-ELD-N,08/01/2026,Eldoret,Night,OP-E01,ELD-P01,967.5,19.1,0,228,none
MO-20260825-ELD-D,25/08/2026,Eldoret,Day,OP-E03,ELD-P02,980.4,17.0,0,222,none
MO-20261115-ELD-D,15/11/2026,Eldoret,Day,OP-E02,ELD-P03,977.7,16.1,0,223,none
MO-20260818-ELD-D,18/08/2026,Eldoret,Day,OP-E01,ELD-P01,1123.4,15.8,0,216,none
MO-20261226-KIS-N,26/12/2026,Kisumu,Night,OP-K01,KSM-P01,975.9,28.7,0,215,none
MO-20260629-MOM-D,29/06/2026,Mombasa,Day,OP-M04,MBA-P02,970.3,25.9,0,218,none
MO-20260902-ELD-D,02/09/2026,Eldoret,Day,OP-E02,ELD-P02,961.4,14.1,0,216,none
MO-20260608-KIS-D,08/06/2026,Kisumu,Day,OP-K01,KSM-P02,1127.2,28.0,0,228,none
MO-20260301-NAI-D,01/03/2026,Nairobi,Day,OP-N04,NBI-P03,610.6,28.8,1,215,missed_maintenance
MO-20261103-NAI-D,03/11/2026,Nairobi,Day,OP-N02,NBI-P02,1013.4,20.2,0,220,none
MO-20260621-KIS-D,21/06/2026,Kisumu,Day,OP-K03,KSM-P02,1097.0,26.8,0,223,none
MO-20260108-KIS-N,08/01/2026,Kisumu,Night,OP-K02,KSM-P02,997.1,30.4,0,229,none
MO-20260210-MOM-D,10/02/2026,Mombasa,Day,OP-M02,MBA-P02,1098.7,34.5,0,223,none
MO-20261110-KIS-D,10/11/2026,Kisumu,Day,OP-K02,KSM-P03,950.1,21.2,0,220,none
MO-20260609-MOM-D,09/06/2026,Mombasa,Day,OP-M02,MBA-P02,1050.8,28.2,0,221,none
MO-20261206-MOM-N,06/12/2026,Mombasa,Night,OP-M02,MBA-P01,997.4,28.6,0,216,none
MO-20260326-KIS-D,26/03/2026,Kisumu,Day,OP-K01,KSM-P02,899.1,29.7,0,212,none
MO-20260107-NAI-D,07/01/2026,Nairobi,Day,OP-N04,NBI-P03,534.6,24.8,0,223,brief_equipment_fault
MO-20261220-NAI-N,20/12/2026,Nairobi,Night,OP-N02,NBI-P03,553.5,23.3,1,220,missed_maintenance
MO-20260830-ELD-N,30/08/2026,Eldoret,Night,OP-E02,ELD-P03,937.8,13.3,0,215,none
MO-20260403-NAI-N,03/04/2026,Nairobi,Night,OP-N04,NBI-P04,995.0,25.7,0,228,none
MO-20260307-NAI-D,07/03/2026,Nairobi,Day,OP-N05,NBI-P03,429.6,26.0,1,236,brief_equipment_fault
MO-20260116-NAI-N,16/01/2026,Nairobi,Night,OP-N01,NBI-P03,1084.7,24.0,0,224,none
MO-20261012-ELD-N,12/10/2026,Eldoret,Night,OP-E03,ELD-P02,938.3,13.0,0,220,none
MO-20260419-MOM-D,19/04/2026,Mombasa,Day,OP-M04,MBA-P01,1031.0,36.7,0,221,none
MO-20260125-KIS-D,25/01/2026,Kisumu,Day,OP-K02,KSM-P03,1094.3,29.2,0,223,none
MO-20260828-NAI-N,28/08/2026,Nairobi,Night,OP-N01,NBI-P03,522.0,19.3,1,218,missed_maintenance
MO-20261005-MOM-D,05/10/2026,Mombasa,Day,OP-M03,MBA-P03,1006.3,29.8,0,213,none
MO-20260120-MOM-D,20/01/2026,Mombasa,Day,OP-M01,MBA-P03,1069.7,33.8,0,226,none
MO-20260831-MOM-D,31/08/2026,Mombasa,Day,OP-M02,MBA-P03,1036.1,24.5,0,222,none
MO-20260411-MOM-D,11/04/2026,Mombasa,Day,OP-M02,MBA-P03,1068.7,35.6,0,219,none
MO-20260806-NAI-D,06/08/2026,Nairobi,Day,OP-N02,NBI-P03,661.9,22.8,1,229,missed_maintenance
MO-20260207-ELD-N,07/02/2026,Eldoret,Night,OP-E02,ELD-P01,1004.6,21.6,0,215,none
MO-20260525-KIS-D,25/05/2026,Kisumu,Day,OP-K01,KSM-P02,1008.0,28.8,0,227,none
MO-20260812-MOM-D,12/08/2026,Mombasa,Day,OP-M02,MBA-P01,1141.3,24.5,0,221,none
MO-20260529-NAI-D,29/05/2026,Nairobi,Day,OP-N03,NBI-P01,1122.2,24.6,0,223,none
MO-20261216-NAI-N,16/12/2026,Nairobi,Night,OP-N03,NBI-P03,680.9,23.1,1,242,missed_maintenance
MO-20260830-NAI-N,30/08/2026,Nairobi,Night,OP-N01,NBI-P03,328.8,23.5,1,214,brief_equipment_fault
MO-20260911-MOM-N,11/09/2026,Mombasa,Night,OP-M03,MBA-P03,961.5,24.1,0,210,none
MO-20260228-ELD-N,28/02/2026,Eldoret,Night,OP-E01,ELD-P03,941.3,21.7,0,215,none
MO-20260428-MOM-N,28/04/2026,Mombasa,Night,OP-M02,MBA-P02,1001.3,33.7,0,217,none
MO-20260820-MOM-N,20/08/2026,Mombasa,Night,OP-M02,MBA-P02,1039.8,27.8,0,217,none
MO-20260629-NAI-D,29/06/2026,Nairobi,Day,OP-N05,NBI-P03,633.1,19.1,1,220,missed_maintenance
MO-20261221-KIS-N,21/12/2026,Kisumu,Night,OP-K02,KSM-P01,842.9,29.2,0,223,none
MO-20260610-KIS-N,10/06/2026,Kisumu,Night,OP-K03,KSM-P01,1047.8,27.5,0,221,none
MO-20260925-KIS-D,25/09/2026,Kisumu,Day,OP-K02,KSM-P02,935.9,22.5,0,226,none
MO-20260105-NAI-D,05/01/2026,Nairobi,Day,OP-N03,NBI-P04,1078.9,26.7,0,219,none
MO-20261214-MOM-N,14/12/2026,Mombasa,Night,OP-M03,MBA-P01,1034.3,30.8,0,219,none
MO-20260314-NAI-D,14/03/2026,Nairobi,Day,OP-N02,NBI-P03,729.1,,1,217,missed_maintenance
MO-20261228-KIS-D,28/12/2026,Kisumu,Day,OP-K02,KSM-P01,964.6,29.4,0,214,none
MO-20260718-MOM-D,18/07/2026,Mombasa,Day,OP-M03,MBA-P02,1161.3,26.2,0,232,none
MO-20260909-MOM-N,09/09/2026,Mombasa,Night,OP-M02,MBA-P01,976.2,23.8,0,224,none
MO-20260531-NAI-D,31/05/2026,Nairobi,Day,OP-N03,NBI-P03,508.9,23.2,1,212,missed_maintenance
MO-20260330-ELD-D,30/03/2026,Eldoret,Day,OP-E01,ELD-P02,1081.9,22.9,0,224,none
MO-20260624-ELD-D,24/06/2026,Eldoret,Day,OP-E03,ELD-P02,1009.3,17.2,0,220,none
MO-20260523-NAI-D,23/05/2026,Nairobi,Day,OP-N03,NBI-P01,1053.8,26.9,0,218,none
MO-20261019-MOM-N,19/10/2026,Mombasa,Night,OP-M02,MBA-P03,916.5,27.6,0,213,none
MO-20260613-ELD-D,13/06/2026,Eldoret,Day,OP-E01,ELD-P01,1154.1,16.2,0,226,none
MO-20260124-ELD-N,24/01/2026,Eldoret,Night,OP-E03,ELD-P03,946.1,24.8,0,209,none
MO-20260616-KIS-D,16/06/2026,Kisumu,Day,OP-K02,KSM-P03,1035.5,26.3,0,218,none
MO-20260629-ELD-D,29/06/2026,Eldoret,Day,OP-E03,ELD-P01,995.4,18.5,0,219,none
MO-20260915-ELD-N,15/09/2026,Eldoret,Night,OP-E01,ELD-P02,421.8,12.9,0,212,brief_equipment_fault
MO-20260120-KIS-D,20/01/2026,Kisumu,Day,OP-K03,KSM-P02,992.9,33.7,0,211,none
MO-20260224-KIS-D,24/02/2026,Kisumu,Day,OP-K03,KSM-P01,1025.4,34.2,0,230,none
MO-20260514-NAI-N,14/05/2026,Nairobi,Night,OP-N03,NBI-P03,542.6,29.0,1,220,missed_maintenance
MO-20260205-KIS-N,05/02/2026,Kisumu,Night,OP-K01,KSM-P03,913.0,32.0,0,216,none
MO-20260309-ELD-D,09/03/2026,Eldoret,Day,OP-E02,ELD-P01,943.7,24.0,0,218,none
MO-20261023-NAI-D,23/10/2026,Nairobi,Day,OP-N02,NBI-P03,637.8,18.1,1,219,missed_maintenance
MO-20261004-ELD-N,04/10/2026,Eldoret,Night,OP-E03,ELD-P03,911.6,11.6,0,220,none
MO-20260802-MOM-N,02/08/2026,Mombasa,Night,OP-M04,MBA-P03,916.2,29.6,0,223,none
MO-20260507-KIS-N,07/05/2026,Kisumu,Night,OP-K03,KSM-P01,973.6,31.8,0,222,none
MO-20260219-KIS-D,19/02/2026,Kisumu,Day,OP-K02,KSM-P01,1042.3,30.9,0,222,none
MO-20260202-KIS-N,02/02/2026,Kisumu,Night,OP-K01,KSM-P01,925.7,29.6,0,217,none
MO-20260602-ELD-N,02/06/2026,Eldoret,Night,OP-E03,ELD-P01,1009.0,17.1,0,214,none
MO-20260613-MOM-N,13/06/2026,Mombasa,Night,OP-M02,MBA-P03,865.1,29.9,0,211,none
MO-20260514-MOM-D,14/05/2026,Mombasa,Day,OP-M04,MBA-P02,1074.6,32.3,0,220,none
MO-20260115-KIS-D,15/01/2026,Kisumu,Day,OP-K02,KSM-P02,1014.2,27.7,0,231,none
MO-20260710-NAI-D,10/07/2026,Nairobi,Day,OP-N04,NBI-P01,1029.0,14.4,0,228,none
MO-20260520-KIS-D,20/05/2026,Kisumu,Day,OP-K02,KSM-P03,620.0,27.7,0,220,operator_blunder
MO-20260421-ELD-N,21/04/2026,Eldoret,Night,OP-E01,ELD-P02,968.4,21.2,0,212,none
MO-20261019-ELD-D,19/10/2026,Eldoret,Day,OP-E01,ELD-P01,974.0,13.0,0,220,none
MO-20261015-MOM-D,15/10/2026,Mombasa,Day,OP-M04,MBA-P03,1080.8,27.8,0,234,none
MO-20260530-NAI-D,30/05/2026,Nairobi,Day,OP-N02,NBI-P03,618.9,24.6,1,217,missed_maintenance
MO-20260903-MOM-N,03/09/2026,Mombasa,Night,OP-M01,MBA-P01,1088.0,27.8,0,222,none
MO-20260806-KIS-N,06/08/2026,Kisumu,Night,OP-K01,KSM-P02,860.8,23.7,0,219,none
MO-20260929-NAI-D,29/09/2026,Nairobi,Day,OP-N04,NBI-P03,732.9,20.0,1,228,missed_maintenance
MO-20260826-ELD-D,26/08/2026,Eldoret,Day,OP-E01,ELD-P03,947.8,13.7,0,222,none
MO-20261026-ELD-N,26/10/2026,Eldoret,Night,OP-E01,ELD-P01,950.4,16.5,0,222,none
MO-20260729-ELD-D,29/07/2026,Eldoret,Day,OP-E01,ELD-P01,1005.7,17.8,0,224,none
MO-20260926-NAI-N,26/09/2026,Nairobi,Night,OP-N03,NBI-P03,682.5,20.8,1,211,missed_maintenance
MO-20261128-NAI-D,28/11/2026,Nairobi,Day,OP-N01,NBI-P02,684.0,24.4,0,237,brief_equipment_fault
MO-20261229-KIS-N,29/12/2026,Kisumu,Night,OP-K02,KSM-P03,797.4,26.9,0,212,none
MO-20260314-KIS-N,14/03/2026,Kisumu,Night,OP-K03,KSM-P02,1017.5,35.7,0,228,none
MO-20260911-ELD-D,11/09/2026,Eldoret,Day,OP-E03,ELD-P01,967.5,14.9,0,218,none
MO-20260831-ELD-N,31/08/2026,Eldoret,Night,OP-E01,ELD-P01,882.4,12.1,0,223,none
MO-20260313-NAI-D,13/03/2026,Nairobi,Day,OP-N01,NBI-P03,674.7,,1,227,missed_maintenance
MO-20261023-KIS-D,23/10/2026,Kisumu,Day,OP-K03,KSM-P03,998.6,24.8,0,229,none
MO-20261106-KIS-D,06/11/2026,Kisumu,Day,OP-K03,KSM-P02,1014.2,25.4,0,220,none
MO-20261118-KIS-D,18/11/2026,Kisumu,Day,OP-K02,KSM-P01,1058.0,25.0,0,210,none
MO-20260103-KIS-D,03/01/2026,Kisumu,Day,OP-K01,KSM-P03,976.0,26.1,0,222,none
MO-20260118-NAI-N,18/01/2026,Nairobi,Night,OP-N03,NBI-P03,974.0,23.5,0,230,none
MO-20260807-MOM-N,07/08/2026,Mombasa,Night,OP-M04,MBA-P02,873.2,25.7,0,217,none
MO-20260511-MOM-N,11/05/2026,Mombasa,Night,OP-M01,MBA-P02,951.5,32.7,0,224,none
MO-20260819-KIS-D,19/08/2026,Kisumu,Day,OP-K01,KSM-P01,1006.6,24.7,0,227,none
MO-20260420-NAI-D,20/04/2026,Nairobi,Day,OP-N01,NBI-P03,659.2,26.3,1,217,missed_maintenance
MO-20260915-KIS-N,15/09/2026,Kisumu,Night,OP-K01,KSM-P01,996.3,22.1,0,219,none
MO-20260625-MOM-D,25/06/2026,Mombasa,Day,OP-M02,MBA-P01,1171.2,27.5,0,214,none
MO-20260614-ELD-D,14/06/2026,Eldoret,Day,OP-E02,ELD-P03,1028.6,20.0,0,224,none
MO-20260721-MOM-D,21/07/2026,Mombasa,Day,OP-M01,MBA-P03,1092.2,28.8,0,230,none
MO-20260407-ELD-N,07/04/2026,Eldoret,Night,OP-E02,ELD-P01,922.6,24.6,0,217,none
MO-20260511-KIS-D,11/05/2026,Kisumu,Day,OP-K03,KSM-P02,1037.6,26.7,0,225,none
MO-20260425-MOM-D,25/04/2026,Mombasa,Day,OP-M04,MBA-P02,1081.0,34.8,0,221,none
MO-20260512-ELD-D,12/05/2026,Eldoret,Day,OP-E02,ELD-P01,984.6,18.3,0,221,none
MO-20261230-MOM-N,30/12/2026,Mombasa,Night,OP-M01,MBA-P02,949.4,32.9,0,229,none
MO-20260126-MOM-N,26/01/2026,Mombasa,Night,OP-M04,MBA-P03,1068.0,33.6,0,223,none
MO-20260224-NAI-D,24/02/2026,Nairobi,Day,OP-N04,NBI-P03,545.3,30.3,1,233,missed_maintenance
MO-20260727-KIS-N,27/07/2026,Kisumu,Night,OP-K03,KSM-P02,957.5,22.9,0,218,none
MO-20260829-ELD-D,29/08/2026,Eldoret,Day,OP-E03,ELD-P01,1013.8,15.4,0,235,none
MO-20260506-NAI-N,06/05/2026,Nairobi,Night,OP-N04,NBI-P03,657.9,28.7,1,222,missed_maintenance
MO-20261028-NAI-D,28/10/2026,Nairobi,Day,OP-N03,NBI-P03,617.9,21.3,1,222,missed_maintenance
MO-20260905-MOM-N,05/09/2026,Mombasa,Night,OP-M02,MBA-P03,1007.4,24.5,0,219,none
MO-20260827-KIS-N,27/08/2026,Kisumu,Night,OP-K03,KSM-P02,1038.6,20.7,0,225,none
MO-20260812-ELD-N,12/08/2026,Eldoret,Night,OP-E02,ELD-P01,1018.1,11.0,0,217,none
MO-20260721-KIS-D,21/07/2026,Kisumu,Day,OP-K03,KSM-P01,1104.1,20.9,0,224,none
MO-20260313-NAI-N,13/03/2026,Nairobi,Night,OP-N05,NBI-P02,1015.9,,0,226,none
MO-20260125-NAI-N,25/01/2026,Nairobi,Night,OP-N01,NBI-P01,1077.6,28.2,0,228,none
MO-20261223-MOM-N,23/12/2026,Mombasa,Night,OP-M02,MBA-P01,898.9,32.3,0,217,none
MO-20261228-MOM-D,28/12/2026,Mombasa,Day,OP-M03,MBA-P03,1076.9,32.8,0,212,none
MO-20260204-MOM-D,04/02/2026,Mombasa,Day,OP-M04,MBA-P02,1126.8,30.5,0,223,none
MO-20260427-ELD-D,27/04/2026,Eldoret,Day,OP-E02,ELD-P02,1044.8,23.9,0,218,none
MO-20260908-NAI-D,08/09/2026,Nairobi,Day,OP-N04,NBI-P03,574.8,23.8,1,217,missed_maintenance
MO-20260803-KIS-D,03/08/2026,Kisumu,Day,OP-K01,KSM-P01,966.3,24.4,0,235,none
MO-20261007-MOM-N,07/10/2026,Mombasa,Night,OP-M02,MBA-P02,912.4,27.6,0,219,none
MO-20260605-KIS-D,05/06/2026,Kisumu,Day,OP-K01,KSM-P01,1092.1,28.3,0,227,none
MO-20260205-NAI-N,05/02/2026,Nairobi,Night,OP-N01,NBI-P03,653.4,24.8,1,224,missed_maintenance
MO-20260104-NAI-N,04/01/2026,Nairobi,Night,OP-N05,NBI-P01,1069.0,24.2,0,227,none
MO-20260630-KIS-N,30/06/2026,Kisumu,Night,OP-K02,KSM-P01,987.5,26.0,0,219,none
MO-20260516-NAI-D,16/05/2026,Nairobi,Day,OP-N03,NBI-P03,642.4,26.2,1,232,missed_maintenance
MO-20261219-ELD-N,19/12/2026,Eldoret,Night,OP-E01,ELD-P02,1034.0,20.6,0,223,none
MO-20260703-MOM-D,03/07/2026,Mombasa,Day,OP-M03,MBA-P03,1069.9,29.2,0,236,none
MO-20260608-MOM-D,08/06/2026,Mombasa,Day,OP-M02,MBA-P01,1087.7,30.7,0,224,none
MO-20260110-MOM-D,10/01/2026,Mombasa,Day,OP-M03,MBA-P02,916.5,33.4,0,221,none
MO-20260326-ELD-D,26/03/2026,Eldoret,Day,OP-E01,ELD-P01,1074.2,24.4,0,220,none
MO-20260407-KIS-N,07/04/2026,Kisumu,Night,OP-K02,KSM-P03,962.1,31.3,0,223,none
MO-20260923-KIS-D,23/09/2026,Kisumu,Day,OP-K02,KSM-P01,978.2,25.9,0,214,none
MO-20261217-MOM-D,17/12/2026,Mombasa,Day,OP-M02,MBA-P02,1015.4,30.3,0,218,none
MO-20260603-KIS-D,03/06/2026,Kisumu,Day,OP-K01,KSM-P01,1050.3,29.9,0,222,none
MO-20260912-MOM-N,12/09/2026,Mombasa,Night,OP-M04,MBA-P02,883.9,27.1,0,218,none
MO-20260420-ELD-N,20/04/2026,Eldoret,Night,OP-E01,ELD-P03,1078.7,24.3,0,213,none
MO-20260629-MOM-N,29/06/2026,Mombasa,Night,OP-M01,MBA-P02,530.0,25.5,0,229,brief_equipment_fault
MO-20261024-KIS-D,24/10/2026,Kisumu,Day,OP-K02,KSM-P01,994.1,27.0,0,216,none
MO-20261025-MOM-N,25/10/2026,Mombasa,Night,OP-M01,MBA-P02,879.1,26.2,0,220,none
MO-20260515-NAI-D,15/05/2026,Nairobi,Day,OP-N01,NBI-P03,376.6,26.1,1,224,operator_blunder
MO-20261222-ELD-D,22/12/2026,Eldoret,Day,OP-E03,ELD-P03,1008.8,21.2,0,231,none
MO-20260217-KIS-D,17/02/2026,Kisumu,Day,OP-K02,KSM-P02,1153.3,31.8,0,222,none
MO-20261006-NAI-N,06/10/2026,Nairobi,Night,OP-N01,NBI-P03,642.8,15.9,1,220,missed_maintenance
MO-20261029-ELD-D,29/10/2026,Eldoret,Day,OP-E03,ELD-P03,983.1,15.0,0,222,none
MO-20261213-NAI-D,13/12/2026,Nairobi,Day,OP-N01,NBI-P03,659.9,24.3,1,223,missed_maintenance
MO-20260112-NAI-D,12/01/2026,Nairobi,Day,OP-N02,NBI-P02,1080.3,27.5,0,215,none
MO-20260727-ELD-D,27/07/2026,Eldoret,Day,OP-E02,ELD-P01,936.7,15.6,0,224,none
MO-20261015-ELD-D,15/10/2026,Eldoret,Day,OP-E02,ELD-P02,1062.2,14.9,0,225,none
MO-20261020-ELD-D,20/10/2026,Eldoret,Day,OP-E01,ELD-P03,897.5,16.2,0,221,none
MO-20261212-NAI-N,12/12/2026,Nairobi,Night,OP-N01,NBI-P03,585.5,24.8,1,210,missed_maintenance
MO-20260303-NAI-N,03/03/2026,Nairobi,Night,OP-N05,NBI-P03,687.3,29.8,1,211,missed_maintenance
MO-20260418-MOM-N,18/04/2026,Mombasa,Night,OP-M04,MBA-P03,1019.0,33.7,0,216,none
MO-20261222-KIS-D,22/12/2026,Kisumu,Day,OP-K03,KSM-P01,915.1,28.2,0,219,none
MO-20260222-ELD-D,22/02/2026,Eldoret,Day,OP-E01,ELD-P01,1110.4,26.5,0,212,none
MO-20260727-KIS-D,27/07/2026,Kisumu,Day,OP-K03,KSM-P03,945.2,25.8,0,225,none
MO-20261026-MOM-D,26/10/2026,Mombasa,Day,OP-M04,MBA-P01,954.3,27.2,0,218,none
MO-20260430-NAI-D,30/04/2026,Nairobi,Day,OP-N02,NBI-P03,651.3,25.0,1,228,missed_maintenance
MO-20260704-KIS-N,04/07/2026,Kisumu,Night,OP-K03,KSM-P03,862.7,28.1,0,210,none
MO-20260826-MOM-D,26/08/2026,Mombasa,Day,OP-M01,MBA-P03,1058.4,28.3,0,228,none
MO-20260830-MOM-D,30/08/2026,Mombasa,Day,OP-M04,MBA-P01,1024.6,28.6,0,213,none
MO-20261016-KIS-N,16/10/2026,Kisumu,Night,OP-K01,KSM-P03,975.2,22.7,0,217,none
MO-20260215-MOM-D,15/02/2026,Mombasa,Day,OP-M01,MBA-P03,1006.0,35.2,0,207,none
MO-20261122-KIS-N,22/11/2026,Kisumu,Night,OP-K01,KSM-P02,948.7,25.2,0,232,none
MO-20260111-MOM-D,11/01/2026,Mombasa,Day,OP-M04,MBA-P03,1130.5,32.2,0,220,none
MO-20261114-MOM-N,14/11/2026,Mombasa,Night,OP-M02,MBA-P03,1008.9,31.9,0,228,none
MO-20260211-MOM-N,11/02/2026,Mombasa,Night,OP-M01,MBA-P03,839.3,31.8,0,213,none
MO-20260618-ELD-D,18/06/2026,Eldoret,Day,OP-E01,ELD-P02,984.4,20.5,0,221,none
MO-20261209-KIS-N,09/12/2026,Kisumu,Night,OP-K03,KSM-P01,936.8,27.0,0,218,none
MO-20261024-MOM-D,24/10/2026,Mombasa,Day,OP-M04,MBA-P02,1058.8,32.5,0,227,none
MO-20260327-MOM-N,27/03/2026,Mombasa,Night,OP-M04,MBA-P03,908.3,33.8,0,236,none
MO-20261206-ELD-N,06/12/2026,Eldoret,Night,OP-E01,ELD-P02,1010.7,19.3,0,223,none
MO-20260110-ELD-N,10/01/2026,Eldoret,Night,OP-E01,ELD-P01,1042.8,20.1,0,222,none
MO-20260309-KIS-N,09/03/2026,Kisumu,Night,OP-K03,KSM-P02,1022.1,30.0,0,215,none
MO-20260827-NAI-D,27/08/2026,Nairobi,Day,OP-N02,NBI-P02,1089.2,18.3,0,225,none
MO-20260817-NAI-D,17/08/2026,Nairobi,Day,OP-N04,NBI-P03,679.3,21.5,1,218,missed_maintenance
MO-20261105-NAI-D,05/11/2026,Nairobi,Day,OP-N01,NBI-P03,640.6,21.2,1,226,missed_maintenance
MO-20260915-MOM-N,15/09/2026,Mombasa,Night,OP-M02,MBA-P03,919.1,28.3,0,231,none
MO-20260512-KIS-D,12/05/2026,Kisumu,Day,OP-K01,KSM-P02,1019.8,30.4,0,228,none
MO-20260520-KIS-N,20/05/2026,Kisumu,Night,OP-K01,KSM-P01,1003.5,29.4,0,218,none
MO-20260614-MOM-D,14/06/2026,Mombasa,Day,OP-M01,MBA-P03,1136.8,28.6,0,213,none
MO-20260428-MOM-D,28/04/2026,Mombasa,Day,OP-M02,MBA-P02,1154.7,33.8,0,226,none
MO-20260303-ELD-N,03/03/2026,Eldoret,Night,OP-E03,ELD-P02,997.5,25.3,0,226,none
MO-20260106-ELD-D,06/01/2026,Eldoret,Day,OP-E03,ELD-P01,959.2,17.5,0,220,none
MO-20260126-NAI-D,26/01/2026,Nairobi,Day,OP-N01,NBI-P03,1106.3,31.5,0,224,none
MO-20260721-KIS-N,21/07/2026,Kisumu,Night,OP-K02,KSM-P03,938.0,25.2,0,210,none
MO-20261217-NAI-D,17/12/2026,Nairobi,Day,OP-N01,NBI-P03,591.3,23.3,1,222,missed_maintenance
MO-20260113-MOM-N,13/01/2026,Mombasa,Night,OP-M04,MBA-P03,1072.6,33.2,0,231,none
MO-20261204-KIS-N,04/12/2026,Kisumu,Night,OP-K02,KSM-P01,1064.7,25.2,0,214,none
MO-20261114-NAI-D,14/11/2026,Nairobi,Day,OP-N02,NBI-P03,613.7,23.4,1,224,missed_maintenance
MO-20260108-MOM-N,08/01/2026,Mombasa,Night,OP-M03,MBA-P02,983.4,30.0,0,218,none
MO-20261231-NAI-D,31/12/2026,Nairobi,Day,OP-N02,NBI-P03,639.8,23.4,1,217,missed_maintenance
MO-20260618-NAI-N,18/06/2026,Nairobi,Night,OP-N05,NBI-P03,641.8,25.5,1,224,missed_maintenance
MO-20261014-KIS-N,14/10/2026,Kisumu,Night,OP-K01,KSM-P03,1049.7,24.0,0,215,none
MO-20261130-MOM-D,30/11/2026,Mombasa,Day,OP-M03,MBA-P01,1026.7,29.0,0,229,none
MO-20261208-MOM-N,08/12/2026,Mombasa,Night,OP-M02,MBA-P03,1184.9,28.0,0,207,none
MO-20261001-MOM-N,01/10/2026,Mombasa,Night,OP-M01,MBA-P01,907.6,26.3,0,225,none
MO-20261122-MOM-N,22/11/2026,Mombasa,Night,OP-M03,MBA-P03,923.8,27.9,0,209,none
MO-20260418-NAI-D,18/04/2026,Nairobi,Day,OP-N02,NBI-P04,1003.3,27.6,0,217,none
MO-20260120-NAI-N,20/01/2026,Nairobi,Night,OP-N02,NBI-P01,1014.0,27.3,0,224,none
MO-20261018-NAI-N,18/10/2026,Nairobi,Night,OP-N01,NBI-P03,657.3,21.6,1,217,missed_maintenance
MO-20260816-MOM-D,16/08/2026,Mombasa,Day,OP-M03,MBA-P02,982.9,24.7,0,228,none
MO-20261030-ELD-D,30/10/2026,Eldoret,Day,OP-E01,ELD-P01,927.3,16.3,0,223,none
MO-20260331-KIS-D,31/03/2026,Kisumu,Day,OP-K03,KSM-P01,1086.8,32.9,0,221,none
MO-20261117-KIS-N,17/11/2026,Kisumu,Night,OP-K02,KSM-P03,956.4,23.5,0,211,none
MO-20260913-MOM-N,13/09/2026,Mombasa,Night,OP-M02,MBA-P01,995.4,26.9,0,225,none
MO-20260323-MOM-N,23/03/2026,Mombasa,Night,OP-M02,MBA-P02,973.5,34.6,0,230,none
MO-20260725-NAI-N,25/07/2026,Nairobi,Night,OP-N02,NBI-P03,641.2,18.7,1,212,missed_maintenance
MO-20260728-KIS-D,28/07/2026,Kisumu,Day,OP-K02,KSM-P01,979.1,24.3,0,222,none
MO-20260402-KIS-D,02/04/2026,Kisumu,Day,OP-K03,KSM-P03,1067.6,32.5,0,225,none
MO-20260701-MOM-D,01/07/2026,Mombasa,Day,OP-M01,MBA-P03,998.5,29.3,0,225,none
MO-20261108-ELD-D,08/11/2026,Eldoret,Day,OP-E03,ELD-P02,981.6,22.2,0,221,none
MO-20260322-ELD-D,22/03/2026,Eldoret,Day,OP-E02,ELD-P02,1066.1,24.2,0,219,none
MO-20261226-NAI-N,26/12/2026,Nairobi,Night,OP-N03,NBI-P03,628.6,26.6,1,227,missed_maintenance
MO-20260414-NAI-N,14/04/2026,Nairobi,Night,OP-N01,NBI-P03,531.1,31.8,1,211,missed_maintenance
MO-20260222-KIS-D,22/02/2026,Kisumu,Day,OP-K03,KSM-P03,966.0,32.7,0,218,none
MO-20260910-KIS-N,10/09/2026,Kisumu,Night,OP-K03,KSM-P01,978.2,22.4,0,222,none
MO-20260409-KIS-N,09/04/2026,Kisumu,Night,OP-K02,KSM-P03,1020.9,31.4,0,216,none
MO-20260502-ELD-D,02/05/2026,Eldoret,Day,OP-E02,ELD-P01,970.1,24.2,0,223,none
MO-20261107-ELD-D,07/11/2026,Eldoret,Day,OP-E01,ELD-P03,888.2,18.5,0,211,none
MO-20260121-NAI-D,21/01/2026,Nairobi,Day,OP-N05,NBI-P01,1036.8,28.4,0,233,none
MO-20261028-MOM-D,28/10/2026,Mombasa,Day,OP-M04,MBA-P03,908.6,27.9,0,215,none
MO-20260419-ELD-N,19/04/2026,Eldoret,Night,OP-E01,ELD-P01,934.3,20.4,0,226,none
MO-20260429-ELD-N,29/04/2026,Eldoret,Night,OP-E01,ELD-P02,972.8,24.5,0,216,none
MO-20261020-ELD-N,20/10/2026,Eldoret,Night,OP-E03,ELD-P01,821.3,18.6,0,216,none
MO-20260514-KIS-N,14/05/2026,Kisumu,Night,OP-K01,KSM-P03,964.4,26.0,0,213,none
MO-20260616-NAI-N,16/06/2026,Nairobi,Night,OP-N02,NBI-P03,655.0,20.2,1,222,missed_maintenance
MO-20260308-NAI-D,08/03/2026,Nairobi,Day,OP-N04,NBI-P03,665.7,27.9,1,222,missed_maintenance
MO-20260301-NAI-N,01/03/2026,Nairobi,Night,OP-N02,NBI-P03,647.8,27.3,1,218,missed_maintenance
MO-20260112-ELD-N,12/01/2026,Eldoret,Night,OP-E02,ELD-P03,1006.0,19.3,0,217,none
MO-20260106-MOM-D,06/01/2026,Mombasa,Day,OP-M01,MBA-P01,1074.2,32.5,0,232,none
MO-20260531-KIS-D,31/05/2026,Kisumu,Day,OP-K02,KSM-P01,858.4,31.0,0,233,none
MO-20260526-KIS-D,26/05/2026,Kisumu,Day,OP-K02,KSM-P01,945.9,26.9,0,235,none
MO-20261014-KIS-D,14/10/2026,Kisumu,Day,OP-K03,KSM-P02,1072.0,23.4,0,217,none
MO-20260430-NAI-N,30/04/2026,Nairobi,Night,OP-N01,NBI-P03,701.3,25.4,1,224,missed_maintenance
MO-20260730-MOM-D,30/07/2026,Mombasa,Day,OP-M02,MBA-P03,927.9,23.9,0,215,none
MO-20260625-KIS-N,25/06/2026,Kisumu,Night,OP-K01,KSM-P01,1015.1,26.5,0,217,none
MO-20261101-KIS-D,01/11/2026,Kisumu,Day,OP-K02,KSM-P03,1038.7,23.3,0,223,none
MO-20260605-MOM-D,05/06/2026,Mombasa,Day,OP-M02,MBA-P01,1060.4,32.5,0,214,none
MO-20260719-NAI-N,19/07/2026,Nairobi,Night,OP-N02,NBI-P03,559.7,19.5,1,213,missed_maintenance
MO-20260201-MOM-D,01/02/2026,Mombasa,Day,OP-M01,MBA-P01,1052.9,31.3,0,222,none
MO-20260816-ELD-N,16/08/2026,Eldoret,Night,OP-E01,ELD-P02,955.6,14.4,0,222,none
MO-20260331-KIS-N,31/03/2026,Kisumu,Night,OP-K01,KSM-P03,849.6,32.1,0,231,none
MO-20260626-NAI-N,26/06/2026,Nairobi,Night,OP-N02,NBI-P03,690.7,22.6,1,216,missed_maintenance
MO-20260907-KIS-D,07/09/2026,Kisumu,Day,OP-K01,KSM-P01,1011.8,21.0,0,222,none
MO-20260604-ELD-N,04/06/2026,Eldoret,Night,OP-E01,ELD-P02,923.2,16.5,0,213,none
MO-20260705-KIS-N,05/07/2026,Kisumu,Night,OP-K01,KSM-P03,,23.7,0,217,none
MO-20260314-MOM-N,14/03/2026,Mombasa,Night,OP-M01,MBA-P02,991.7,33.9,0,221,none
MO-20260624-NAI-N,24/06/2026,Nairobi,Night,OP-N03,NBI-P03,502.1,22.2,1,214,missed_maintenance
MO-20260428-ELD-N,28/04/2026,Eldoret,Night,OP-E03,ELD-P01,824.8,20.7,0,219,none
MO-20260516-KIS-D,16/05/2026,Kisumu,Day,OP-K02,KSM-P03,1045.3,27.4,0,221,none
MO-20261122-NAI-D,22/11/2026,Nairobi,Day,OP-N01,NBI-P03,658.7,23.8,1,226,missed_maintenance
MO-20260413-NAI-D,13/04/2026,Nairobi,Day,OP-N05,NBI-P03,624.2,27.5,1,221,missed_maintenance
MO-20260521-MOM-N,21/05/2026,Mombasa,Night,OP-M01,MBA-P01,1020.7,32.4,0,221,none
MO-20260325-ELD-D,25/03/2026,Eldoret,Day,OP-E01,ELD-P03,891.9,24.8,0,226,none
MO-20260116-KIS-D,16/01/2026,Kisumu,Day,OP-K03,KSM-P03,1070.4,29.1,0,217,none
MO-20261020-NAI-D,20/10/2026,Nairobi,Day,OP-N05,NBI-P03,665.2,20.7,1,210,missed_maintenance
MO-20260706-NAI-N,06/07/2026,Nairobi,Night,OP-N05,NBI-P03,624.8,21.6,1,210,missed_maintenance
MO-20261104-ELD-D,04/11/2026,Eldoret,Day,OP-E01,ELD-P02,1008.3,14.3,0,230,none
MO-20261005-ELD-D,05/10/2026,Eldoret,Day,OP-E02,ELD-P03,876.2,13.8,0,228,none
MO-20260122-ELD-N,22/01/2026,Eldoret,Night,OP-E03,ELD-P01,904.6,26.3,0,218,none
MO-20260517-NAI-D,17/05/2026,Nairobi,Day,OP-N02,NBI-P03,649.6,26.7,1,226,missed_maintenance
MO-20260109-ELD-D,09/01/2026,Eldoret,Day,OP-E03,ELD-P01,982.6,19.7,0,235,none
MO-20261119-ELD-D,19/11/2026,Eldoret,Day,OP-E02,ELD-P03,987.2,15.6,0,231,none
MO-20260303-NAI-D,03/03/2026,Nairobi,Day,OP-N04,NBI-P03,671.1,28.4,1,233,missed_maintenance
MO-20260110-KIS-D,10/01/2026,Kisumu,Day,OP-K03,KSM-P01,1064.1,26.8,0,212,none
MO-20261207-KIS-N,07/12/2026,Kisumu,Night,OP-K01,KSM-P03,904.4,27.7,0,216,none
MO-20261124-KIS-D,24/11/2026,Kisumu,Day,OP-K02,KSM-P02,991.7,27.9,0,228,none
MO-20260602-NAI-N,02/06/2026,Nairobi,Night,OP-N01,NBI-P03,613.1,22.5,1,215,missed_maintenance
MO-20260620-NAI-N,20/06/2026,Nairobi,Night,OP-N01,NBI-P03,578.6,23.0,1,215,missed_maintenance
MO-20260604-NAI-N,04/06/2026,Nairobi,Night,OP-N03,NBI-P01,1077.0,24.7,0,217,none
MO-20260225-NAI-D,25/02/2026,Nairobi,Day,OP-N04,NBI-P03,651.7,27.1,1,225,missed_maintenance
MO-20260726-KIS-D,26/07/2026,Kisumu,Day,OP-K01,KSM-P02,1015.6,22.9,0,222,none
MO-20260604-MOM-D,04/06/2026,Mombasa,Day,OP-M02,MBA-P02,1016.6,31.9,0,223,none
MO-20260504-ELD-D,04/05/2026,Eldoret,Day,OP-E02,ELD-P01,966.4,20.4,0,223,none
MO-20261231-ELD-D,31/12/2026,Eldoret,Day,OP-E03,ELD-P03,906.4,18.9,0,226,none
MO-20260814-ELD-D,14/08/2026,Eldoret,Day,OP-E01,ELD-P01,949.1,14.9,0,228,none
MO-20260417-NAI-D,17/04/2026,Nairobi,Day,OP-N05,NBI-P03,711.5,27.1,1,229,missed_maintenance
MO-20260303-ELD-D,03/03/2026,Eldoret,Day,OP-E02,ELD-P02,1052.7,22.0,0,233,none
MO-20261118-ELD-D,18/11/2026,Eldoret,Day,OP-E01,ELD-P01,996.9,13.1,0,218,none
MO-20261105-NAI-N,05/11/2026,Nairobi,Night,OP-N01,NBI-P03,653.9,23.2,1,223,missed_maintenance
MO-20260425-ELD-D,25/04/2026,Eldoret,Day,OP-E03,ELD-P03,1066.4,20.9,0,231,none
MO-20260527-ELD-N,27/05/2026,Eldoret,Night,OP-E02,ELD-P03,1012.8,23.0,0,226,none
MO-20261220-ELD-N,20/12/2026,Eldoret,Night,OP-E03,ELD-P01,895.4,20.9,0,224,none
MO-20261108-MOM-D,08/11/2026,Mombasa,Day,OP-M01,MBA-P03,1031.3,26.4,0,223,none
MO-20260806-KIS-D,06/08/2026,Kisumu,Day,OP-K03,KSM-P03,1030.4,28.1,0,221,none
MO-20260626-NAI-D,26/06/2026,Nairobi,Day,OP-N02,NBI-P03,683.7,22.8,1,220,missed_maintenance
MO-20260116-NAI-D,16/01/2026,Nairobi,Day,OP-N02,NBI-P03,982.3,27.7,0,220,none
MO-20260630-ELD-N,30/06/2026,Eldoret,Night,OP-E03,ELD-P01,955.7,16.1,0,218,none
MO-20261205-MOM-N,05/12/2026,Mombasa,Night,OP-M01,MBA-P01,1127.6,27.6,0,220,none
MO-20260116-ELD-N,16/01/2026,Eldoret,Night,OP-E01,ELD-P03,999.4,20.1,0,214,none
MO-20260408-MOM-N,08/04/2026,Mombasa,Night,OP-M03,MBA-P02,986.7,33.8,0,215,none
MO-20260612-MOM-D,12/06/2026,Mombasa,Day,OP-M02,MBA-P02,970.9,29.9,0,236,none
MO-20260912-ELD-N,12/09/2026,Eldoret,Night,OP-E03,ELD-P03,971.4,12.6,0,208,none
MO-20260215-MOM-N,15/02/2026,Mombasa,Night,OP-M04,MBA-P01,1096.1,36.0,0,218,none
MO-20261031-NAI-N,31/10/2026,Nairobi,Night,OP-N01,NBI-P03,577.6,21.5,1,220,missed_maintenance
MO-20260730-KIS-D,30/07/2026,Kisumu,Day,OP-K03,KSM-P02,1041.2,23.8,0,221,none
MO-20261120-MOM-D,20/11/2026,Mombasa,Day,OP-M01,MBA-P01,1032.0,29.9,0,217,none
MO-20260105-KIS-D,05/01/2026,Kisumu,Day,OP-K02,KSM-P01,969.0,27.2,0,232,none
MO-20260721-NAI-D,21/07/2026,Nairobi,Day,OP-N03,NBI-P04,969.1,23.4,0,222,none
MO-20261116-MOM-D,16/11/2026,Mombasa,Day,OP-M04,MBA-P02,1011.2,27.4,0,223,none
MO-20260326-NAI-D,26/03/2026,Nairobi,Day,OP-N04,NBI-P03,690.8,31.1,1,229,missed_maintenance
MO-20261126-MOM-D,26/11/2026,Mombasa,Day,OP-M02,MBA-P02,1065.9,28.1,0,224,none
MO-20261029-NAI-N,29/10/2026,Nairobi,Night,OP-N05,NBI-P03,687.9,22.8,1,226,missed_maintenance
MO-20260719-MOM-D,19/07/2026,Mombasa,Day,OP-M01,MBA-P03,1038.2,31.3,0,221,none
MO-20261121-KIS-D,21/11/2026,Kisumu,Day,OP-K03,KSM-P03,1053.4,25.7,0,239,none
MO-20260117-NAI-N,17/01/2026,Nairobi,Night,OP-N02,NBI-P03,1064.8,27.5,0,210,none
MO-20260817-MOM-D,17/08/2026,Mombasa,Day,OP-M02,MBA-P01,1060.1,27.0,0,237,none
MO-20260817-NAI-N,17/08/2026,Nairobi,Night,OP-N04,NBI-P03,607.9,17.9,1,211,missed_maintenance
MO-20260921-KIS-D,21/09/2026,Kisumu,Day,OP-K03,KSM-P03,981.9,21.3,0,212,none
MO-20260225-MOM-D,25/02/2026,Mombasa,Day,OP-M03,MBA-P02,1062.3,32.7,0,234,none
MO-20260216-NAI-D,16/02/2026,Nairobi,Day,OP-N05,NBI-P03,607.0,26.6,1,229,missed_maintenance
MO-20260512-MOM-D,12/05/2026,Mombasa,Day,OP-M02,MBA-P03,1129.8,31.3,0,223,none
MO-20260125-ELD-D,25/01/2026,Eldoret,Day,OP-E02,ELD-P02,1013.9,22.4,0,239,none
MO-20260921-KIS-N,21/09/2026,Kisumu,Night,OP-K02,KSM-P01,1002.6,21.4,0,212,none
MO-20260302-KIS-D,02/03/2026,Kisumu,Day,OP-K01,KSM-P03,1070.4,26.7,0,228,none
MO-20261204-ELD-N,04/12/2026,Eldoret,Night,OP-E02,ELD-P01,851.6,15.2,0,213,none
MO-20261229-ELD-N,29/12/2026,Eldoret,Night,OP-E02,ELD-P03,947.9,21.4,0,221,none
MO-20261110-NAI-D,10/11/2026,Nairobi,Day,OP-N02,NBI-P03,611.0,20.6,1,236,missed_maintenance
MO-20261118-KIS-N,18/11/2026,Kisumu,Night,OP-K01,KSM-P03,1048.9,22.3,0,217,none
MO-20260630-MOM-N,30/06/2026,Mombasa,Night,OP-M01,MBA-P02,1036.4,29.6,0,218,none
MO-20260613-KIS-D,13/06/2026,Kisumu,Day,OP-K01,KSM-P01,1074.1,26.8,0,219,none
MO-20260801-ELD-N,01/08/2026,Eldoret,Night,OP-E03,ELD-P01,941.6,14.0,0,229,none
MO-20260523-KIS-N,23/05/2026,Kisumu,Night,OP-K01,KSM-P03,981.6,29.3,0,226,none
MO-20260226-ELD-D,26/02/2026,Eldoret,Day,OP-E01,ELD-P02,1074.3,21.3,0,221,none
MO-20260128-NAI-N,28/01/2026,Nairobi,Night,OP-N04,NBI-P02,1030.9,26.3,0,206,none
MO-20260429-KIS-N,29/04/2026,Kisumu,Night,OP-K02,KSM-P02,1016.9,30.3,0,221,none
MO-20261112-ELD-N,12/11/2026,Eldoret,Night,OP-E02,ELD-P02,911.2,15.6,0,222,none
MO-20260405-NAI-D,05/04/2026,Nairobi,Day,OP-N01,NBI-P01,1083.9,30.0,0,238,none
MO-20261003-KIS-D,03/10/2026,Kisumu,Day,OP-K03,KSM-P02,1007.9,23.1,0,219,none
MO-20260918-KIS-N,18/09/2026,Kisumu,Night,OP-K02,KSM-P01,905.6,22.3,0,228,none
MO-20260716-ELD-D,16/07/2026,Eldoret,Day,OP-E02,ELD-P01,1055.7,14.7,0,224,none
MO-20260122-ELD-D,22/01/2026,Eldoret,Day,OP-E03,ELD-P03,918.3,20.6,0,225,none
MO-20260915-MOM-D,15/09/2026,Mombasa,Day,OP-M01,MBA-P02,949.6,25.3,0,222,none
MO-20261130-ELD-N,30/11/2026,Eldoret,Night,OP-E03,ELD-P02,938.3,21.6,0,221,none
MO-20260327-NAI-N,27/03/2026,Nairobi,Night,OP-N01,NBI-P03,647.5,29.3,1,209,missed_maintenance
MO-20260210-NAI-D,10/02/2026,Nairobi,Day,OP-N05,NBI-P02,1064.0,25.8,0,221,none
MO-20260226-ELD-N,26/02/2026,Eldoret,Night,OP-E02,ELD-P01,854.1,20.2,0,217,none
MO-20260114-ELD-N,14/01/2026,Eldoret,Night,OP-E03,ELD-P03,860.3,19.8,0,210,none
MO-20260923-MOM-D,23/09/2026,Mombasa,Day,OP-M01,MBA-P01,1118.9,26.7,0,224,none
MO-20260210-ELD-D,10/02/2026,Eldoret,Day,OP-E03,ELD-P01,872.5,23.6,0,215,none
MO-20260419-NAI-D,19/04/2026,Nairobi,Day,OP-N05,NBI-P03,615.3,27.5,1,221,missed_maintenance
MO-20261214-MOM-D,14/12/2026,Mombasa,Day,OP-M01,MBA-P02,999.8,31.3,0,227,none
MO-20260624-ELD-N,24/06/2026,Eldoret,Night,OP-E02,ELD-P02,998.6,19.4,0,210,none
MO-20261125-ELD-D,25/11/2026,Eldoret,Day,OP-E01,ELD-P02,968.6,18.1,0,219,none
MO-20260824-KIS-D,24/08/2026,Kisumu,Day,OP-K02,KSM-P02,1048.6,25.1,0,214,none
MO-20260914-NAI-D,14/09/2026,Nairobi,Day,OP-N04,NBI-P04,1034.1,23.3,0,220,none
MO-20260214-MOM-D,14/02/2026,Mombasa,Day,OP-M03,MBA-P01,991.9,34.6,0,229,none
MO-20260209-NAI-D,09/02/2026,Nairobi,Day,OP-N03,NBI-P03,555.6,29.2,1,209,missed_maintenance
MO-20260313-ELD-D,13/03/2026,Eldoret,Day,OP-E02,ELD-P02,974.8,23.7,0,229,none
MO-20260223-KIS-N,23/02/2026,Kisumu,Night,OP-K01,KSM-P03,938.7,29.1,0,227,none
MO-20260810-NAI-D,10/08/2026,Nairobi,Day,OP-N01,NBI-P03,581.7,17.8,1,229,missed_maintenance
MO-20260314-KIS-D,14/03/2026,Kisumu,Day,OP-K01,KSM-P01,1115.7,33.8,0,227,none
MO-20261030-KIS-N,30/10/2026,Kisumu,Night,OP-K02,KSM-P03,955.0,22.8,0,221,none
MO-20260418-NAI-N,18/04/2026,Nairobi,Night,OP-N05,NBI-P03,539.3,27.9,1,218,missed_maintenance
MO-20260404-ELD-N,04/04/2026,Eldoret,Night,OP-E02,ELD-P01,950.9,21.4,0,226,none
MO-20260126-ELD-N,26/01/2026,Eldoret,Night,OP-E03,ELD-P03,894.5,25.8,0,212,none
MO-20260616-NAI-D,16/06/2026,Nairobi,Day,OP-N03,NBI-P03,621.3,19.9,1,227,missed_maintenance
MO-20260208-KIS-D,08/02/2026,Kisumu,Day,OP-K03,KSM-P01,1002.1,32.1,0,232,none
MO-20261128-MOM-D,28/11/2026,Mombasa,Day,OP-M03,MBA-P01,986.1,28.3,0,216,none
MO-20260512-MOM-N,12/05/2026,Mombasa,Night,OP-M01,MBA-P03,913.4,31.3,0,221,none
MO-20260901-NAI-D,01/09/2026,Nairobi,Day,OP-N03,NBI-P03,641.1,19.3,1,224,missed_maintenance
MO-20260428-KIS-N,28/04/2026,Kisumu,Night,OP-K03,KSM-P02,1080.9,31.6,0,236,none
MO-20260602-ELD-D,02/06/2026,Eldoret,Day,OP-E02,ELD-P02,933.0,17.6,0,224,none
MO-20260716-KIS-N,16/07/2026,Kisumu,Night,OP-K03,KSM-P02,816.9,22.6,0,212,none
MO-20260830-KIS-D,30/08/2026,Kisumu,Day,OP-K03,KSM-P01,1000.9,24.4,0,227,none
MO-20260212-MOM-D,12/02/2026,Mombasa,Day,OP-M03,MBA-P01,1117.5,34.3,0,228,none
MO-20260803-MOM-N,03/08/2026,Mombasa,Night,,MBA-P01,987.4,27.1,0,223,none
MO-20260114-NAI-D,14/01/2026,Nairobi,Day,OP-N02,NBI-P02,1102.3,27.1,0,221,none
MO-20261007-ELD-N,07/10/2026,Eldoret,Night,OP-E01,ELD-P02,947.3,17.3,0,214,none
MO-20261010-NAI-D,10/10/2026,Nairobi,Day,OP-N05,NBI-P03,612.8,21.3,1,222,missed_maintenance
MO-20261124-MOM-N,24/11/2026,Mombasa,Night,OP-M03,MBA-P01,964.1,30.4,0,218,none
MO-20260811-KIS-D,11/08/2026,Kisumu,Day,OP-K02,KSM-P01,1101.6,22.0,0,221,none
MO-20260128-KIS-D,28/01/2026,Kisumu,Day,OP-K01,KSM-P02,1033.1,32.1,0,228,none
MO-20261118-ELD-N,18/11/2026,Eldoret,Night,OP-E02,ELD-P03,948.0,16.8,0,226,none
MO-20260817-MOM-N,17/08/2026,Mombasa,Night,OP-M03,MBA-P02,956.9,25.4,0,219,none
MO-20260915-ELD-D,15/09/2026,Eldoret,Day,OP-E03,ELD-P01,979.6,17.0,0,223,none
MO-20261218-MOM-D,18/12/2026,Mombasa,Day,OP-M03,MBA-P02,1073.8,30.8,0,225,none
MO-20260525-NAI-D,25/05/2026,Nairobi,Day,OP-N03,NBI-P03,632.5,26.9,1,230,missed_maintenance
MO-20260710-MOM-D,10/07/2026,Mombasa,Day,OP-M02,MBA-P03,967.9,31.0,0,217,none
MO-20260328-KIS-N,28/03/2026,Kisumu,Night,OP-K02,KSM-P03,951.1,31.1,0,221,none
MO-20260917-NAI-N,17/09/2026,Nairobi,Night,OP-N05,NBI-P03,620.1,21.1,1,214,missed_maintenance
MO-20260324-MOM-N,24/03/2026,Mombasa,Night,OP-M04,MBA-P03,1011.6,37.0,0,220,none
MO-20261123-KIS-N,23/11/2026,Kisumu,Night,OP-K02,KSM-P02,899.1,26.4,0,225,none
MO-20261224-ELD-D,24/12/2026,Eldoret,Day,OP-E02,ELD-P03,970.1,16.6,0,221,none
MO-20260523-ELD-D,23/05/2026,Eldoret,Day,OP-E01,ELD-P01,986.8,20.1,0,227,none
MO-20260716-ELD-N,16/07/2026,Eldoret,Night,OP-E03,ELD-P02,918.1,15.9,0,221,none
MO-20260106-NAI-N,06/01/2026,Nairobi,Night,OP-N05,NBI-P02,1181.1,26.1,0,213,none
MO-20260516-ELD-D,16/05/2026,Eldoret,Day,OP-E02,ELD-P02,993.4,21.8,0,219,none
MO-20261010-ELD-N,10/10/2026,Eldoret,Night,OP-E03,ELD-P01,996.9,18.4,0,217,none
MO-20260124-NAI-N,24/01/2026,Nairobi,Night,OP-N03,NBI-P04,919.2,25.3,0,216,none
MO-20261016-ELD-D,16/10/2026,Eldoret,Day,OP-E03,ELD-P03,970.1,16.4,0,219,none
MO-20261213-MOM-D,13/12/2026,Mombasa,Day,OP-M01,MBA-P03,974.2,31.8,0,235,none
MO-20260208-MOM-N,08/02/2026,Mombasa,Night,OP-M03,MBA-P01,1011.2,33.3,0,220,none
MO-20260306-NAI-D,06/03/2026,Nairobi,Day,OP-N05,NBI-P03,647.1,30.1,1,221,missed_maintenance
MO-20260522-ELD-D,22/05/2026,Eldoret,Day,OP-E03,ELD-P03,1012.7,21.4,0,216,none
MO-20260604-ELD-D,04/06/2026,Eldoret,Day,OP-E01,ELD-P03,1018.3,17.9,0,233,none
MO-20261129-KIS-N,29/11/2026,Kisumu,Night,OP-K01,KSM-P03,900.8,24.8,0,223,none
MO-20260321-ELD-D,21/03/2026,Eldoret,Day,OP-E01,ELD-P01,1024.1,28.3,0,216,none
MO-20261225-NAI-D,25/12/2026,Nairobi,Day,OP-N02,NBI-P01,954.1,27.1,0,217,none
MO-20261222-MOM-D,22/12/2026,Mombasa,Day,OP-M01,MBA-P01,1025.9,31.1,0,241,none
MO-20260321-NAI-N,21/03/2026,Nairobi,Night,OP-N04,NBI-P03,639.0,,1,223,missed_maintenance
MO-20260519-KIS-N,19/05/2026,Kisumu,Night,OP-K02,KSM-P02,926.2,29.0,0,216,none
MO-20261210-NAI-D,10/12/2026,Nairobi,Day,OP-N05,NBI-P03,722.1,21.5,1,233,missed_maintenance
MO-20260602-KIS-N,02/06/2026,Kisumu,Night,OP-K03,KSM-P01,961.3,28.3,0,214,none
MO-20260125-MOM-N,25/01/2026,Mombasa,Night,OP-M04,MBA-P01,960.9,33.3,0,221,none
MO-20260702-MOM-N,02/07/2026,Mombasa,Night,OP-M03,MBA-P03,1037.8,29.4,0,222,none
MO-20260615-KIS-D,15/06/2026,Kisumu,Day,OP-K03,KSM-P03,1044.8,26.3,0,223,none
MO-20260323-NAI-N,23/03/2026,Nairobi,Night,OP-N04,NBI-P03,569.8,30.4,1,214,missed_maintenance
MO-20260914-MOM-D,14/09/2026,Mombasa,Day,OP-M01,MBA-P01,1023.2,23.2,0,218,none
MO-20261213-MOM-N,13/12/2026,Mombasa,Night,OP-M03,MBA-P01,995.9,29.1,0,232,none
MO-20261110-ELD-D,10/11/2026,Eldoret,Day,OP-E03,ELD-P02,1009.2,20.7,0,232,none
MO-20260508-ELD-N,08/05/2026,Eldoret,Night,OP-E03,ELD-P01,1064.8,20.3,0,225,none
MO-20260614-MOM-N,14/06/2026,Mombasa,Night,OP-M03,MBA-P03,1001.8,28.2,0,219,none
MO-20260116-MOM-N,16/01/2026,Mombasa,Night,OP-M03,MBA-P03,737.6,33.1,0,211,operator_blunder
MO-20260825-NAI-N,25/08/2026,Nairobi,Night,OP-N05,NBI-P03,615.7,19.2,1,222,missed_maintenance
MO-20260121-MOM-N,21/01/2026,Mombasa,Night,OP-M04,MBA-P03,873.6,33.2,0,219,none
MO-20260709-NAI-D,09/07/2026,Nairobi,Day,OP-N05,NBI-P03,513.3,20.4,1,225,missed_maintenance
MO-20260824-NAI-D,24/08/2026,Nairobi,Day,OP-N02,NBI-P03,601.1,19.6,1,230,missed_maintenance
MO-20260322-MOM-N,22/03/2026,Mombasa,Night,OP-M03,MBA-P01,999.0,36.7,0,215,none
MO-20260706-MOM-N,06/07/2026,Mombasa,Night,OP-M03,MBA-P03,958.6,26.7,0,228,none
MO-20261006-ELD-D,06/10/2026,Eldoret,Day,OP-E03,ELD-P01,1027.0,12.3,0,233,none
MO-20260225-ELD-D,25/02/2026,Eldoret,Day,OP-E02,ELD-P01,1022.0,25.5,0,213,none
MO-20261220-KIS-N,20/12/2026,Kisumu,Night,OP-K02,KSM-P03,982.6,28.4,0,223,none
MO-20260327-KIS-N,27/03/2026,Kisumu,Night,OP-K02,KSM-P02,1087.5,31.1,0,223,none
MO-20261212-KIS-D,12/12/2026,Kisumu,Day,OP-K02,KSM-P03,1126.1,26.8,0,228,none
MO-20260906-KIS-N,06/09/2026,Kisumu,Night,OP-K03,KSM-P02,789.4,21.9,0,220,none
MO-20260609-KIS-D,09/06/2026,Kisumu,Day,OP-K03,KSM-P02,888.5,27.1,0,232,none
MO-20260822-ELD-N,22/08/2026,Eldoret,Night,OP-E02,ELD-P01,928.7,14.5,0,219,none
MO-20260218-ELD-N,18/02/2026,Eldoret,Night,OP-E03,ELD-P01,936.7,24.1,0,209,none
MO-20260303-MOM-N,03/03/2026,Mombasa,Night,OP-M02,MBA-P03,1099.1,32.1,0,213,none
MO-20260426-MOM-N,26/04/2026,Mombasa,Night,OP-M01,MBA-P02,1193.1,33.9,0,216,none
MO-20261107-MOM-N,07/11/2026,Mombasa,Night,OP-M01,MBA-P01,1012.2,28.7,0,230,none
MO-20260205-KIS-D,05/02/2026,Kisumu,Day,OP-K01,KSM-P03,980.5,29.7,0,231,none
MO-20260414-ELD-N,14/04/2026,Eldoret,Night,OP-E03,ELD-P02,981.0,23.7,0,213,none
MO-20260924-ELD-N,24/09/2026,Eldoret,Night,OP-E01,ELD-P03,855.8,11.9,0,236,none
MO-20261122-ELD-D,22/11/2026,Eldoret,Day,OP-E02,ELD-P03,1067.1,16.9,0,210,none
MO-20260305-MOM-N,05/03/2026,Mombasa,Night,OP-M02,MBA-P01,1130.1,35.5,0,222,none
MO-20260808-NAI-N,08/08/2026,Nairobi,Night,OP-N02,NBI-P03,605.6,21.9,1,231,missed_maintenance
MO-20260427-KIS-N,27/04/2026,Kisumu,Night,OP-K03,KSM-P01,719.7,29.6,0,213,brief_equipment_fault
MO-20260320-KIS-N,20/03/2026,Kisumu,Night,OP-K03,KSM-P02,1002.4,30.2,0,224,none
MO-20261004-MOM-N,04/10/2026,Mombasa,Night,OP-M04,MBA-P01,881.5,26.2,0,221,none
MO-20261229-MOM-D,29/12/2026,Mombasa,Day,OP-M03,MBA-P03,975.9,31.8,0,223,none
MO-20260808-ELD-N,08/08/2026,Eldoret,Night,OP-E01,ELD-P01,940.7,16.0,0,223,none
MO-20261006-ELD-N,06/10/2026,Eldoret,Night,OP-E03,ELD-P01,932.2,15.4,0,221,none
MO-20260801-KIS-N,01/08/2026,Kisumu,Night,OP-K03,KSM-P02,921.5,25.1,0,226,none
MO-20260601-ELD-D,01/06/2026,Eldoret,Day,OP-E03,ELD-P02,1098.7,20.5,0,217,none
MO-20260712-MOM-N,12/07/2026,Mombasa,Night,OP-M04,MBA-P01,1017.4,27.9,0,218,none
MO-20260926-KIS-D,26/09/2026,Kisumu,Day,OP-K02,KSM-P01,979.3,23.4,0,227,none
MO-20260405-KIS-D,05/04/2026,Kisumu,Day,OP-K03,KSM-P01,1106.7,29.9,0,212,none
MO-20260820-ELD-N,20/08/2026,Eldoret,Night,OP-E01,ELD-P01,942.1,14.4,0,225,none
MO-20261220-ELD-D,20/12/2026,Eldoret,Day,OP-E02,ELD-P01,991.2,20.6,0,231,none
MO-20260705-NAI-N,05/07/2026,Nairobi,Night,OP-N01,NBI-P03,647.8,20.6,1,197,missed_maintenance
MO-20260315-NAI-D,15/03/2026,Nairobi,Day,OP-N02,NBI-P03,734.6,,1,227,missed_maintenance
MO-20260916-KIS-D,16/09/2026,Kisumu,Day,OP-K01,KSM-P02,1075.4,22.4,0,213,none
MO-20260927-ELD-D,27/09/2026,Eldoret,Day,OP-E03,ELD-P03,913.2,14.0,0,201,none
MO-20261011-NAI-N,11/10/2026,Nairobi,Night,OP-N01,NBI-P03,500.7,19.7,1,209,missed_maintenance
MO-20260216-MOM-N,16/02/2026,Mombasa,Night,OP-M02,MBA-P02,974.9,32.5,0,220,none
MO-20261030-NAI-N,30/10/2026,Nairobi,Night,OP-N02,NBI-P03,561.1,21.4,1,224,missed_maintenance
MO-20260809-MOM-D,09/08/2026,Mombasa,Day,OP-M01,MBA-P02,966.8,25.8,0,214,none
MO-20260626-MOM-D,26/06/2026,Mombasa,Day,OP-M01,MBA-P01,1068.1,29.2,0,224,none
MO-20260820-NAI-N,20/08/2026,Nairobi,Night,OP-N04,NBI-P03,628.3,21.8,1,220,missed_maintenance
MO-20260204-ELD-N,04/02/2026,Eldoret,Night,OP-E01,ELD-P03,963.4,23.6,0,220,none
MO-20260318-ELD-N,18/03/2026,Eldoret,Night,OP-E02,ELD-P02,954.7,23.3,0,219,none
MO-20261203-KIS-D,03/12/2026,Kisumu,Day,OP-K03,KSM-P03,962.1,25.9,0,225,none
MO-20260502-MOM-D,02/05/2026,Mombasa,Day,OP-M01,MBA-P03,1153.7,30.7,0,230,none
MO-20260306-MOM-N,06/03/2026,Mombasa,Night,OP-M04,MBA-P02,903.6,36.2,0,223,none
MO-20260402-KIS-N,02/04/2026,Kisumu,Night,OP-K02,KSM-P01,1008.7,31.3,0,218,none
MO-20260509-NAI-N,09/05/2026,Nairobi,Night,OP-N05,NBI-P04,983.5,25.0,0,215,none
MO-20261026-KIS-D,26/10/2026,Kisumu,Day,OP-K01,KSM-P02,1006.9,20.4,0,218,none
MO-20260821-NAI-D,21/08/2026,Nairobi,Day,OP-N04,NBI-P03,659.3,19.8,1,226,missed_maintenance
MO-20261208-ELD-N,08/12/2026,Eldoret,Night,OP-E03,ELD-P02,909.2,18.8,0,216,none
MO-20260520-MOM-D,20/05/2026,Mombasa,Day,OP-M04,MBA-P02,1109.0,33.3,0,225,none
MO-20260705-NAI-D,05/07/2026,Nairobi,Day,OP-N05,NBI-P03,575.7,21.7,1,226,missed_maintenance
MO-20261116-ELD-N,16/11/2026,Eldoret,Night,OP-E03,ELD-P03,907.5,15.5,0,224,none
MO-20260509-ELD-N,09/05/2026,Eldoret,Night,OP-E02,ELD-P03,897.5,21.4,0,222,none
MO-20260828-MOM-N,28/08/2026,Mombasa,Night,OP-M01,MBA-P03,953.6,29.8,0,217,none
MO-20260604-MOM-N,04/06/2026,Mombasa,Night,OP-M03,MBA-P01,1055.5,30.7,0,218,none
MO-20260320-ELD-N,20/03/2026,Eldoret,Night,OP-E03,ELD-P02,990.8,23.1,0,215,none
MO-20260507-MOM-N,07/05/2026,Mombasa,Night,OP-M01,MBA-P02,1050.9,28.3,0,229,none
MO-20260301-MOM-D,01/03/2026,Mombasa,Day,OP-M02,MBA-P02,1094.9,34.6,0,219,none
MO-20261129-MOM-N,29/11/2026,Mombasa,Night,OP-M01,MBA-P03,1000.6,26.4,0,214,none
MO-20260404-MOM-N,04/04/2026,Mombasa,Night,OP-M01,MBA-P02,1058.7,35.7,0,216,none
MO-20260821-NAI-N,21/08/2026,Nairobi,Night,OP-N03,NBI-P03,608.7,18.7,1,215,missed_maintenance
MO-20260902-KIS-D,02/09/2026,Kisumu,Day,OP-K02,KSM-P03,1014.3,22.8,0,223,none
MO-20260621-KIS-N,21/06/2026,Kisumu,Night,OP-K03,KSM-P01,855.3,27.5,0,228,none
MO-20260521-NAI-N,21/05/2026,Nairobi,Night,OP-N04,NBI-P03,571.6,25.2,1,217,missed_maintenance
MO-20260701-ELD-D,01/07/2026,Eldoret,Day,OP-E02,ELD-P01,1049.2,18.5,0,219,none
MO-20260305-KIS-D,05/03/2026,Kisumu,Day,OP-K02,KSM-P02,1044.8,31.0,0,223,none
MO-20260921-MOM-N,21/09/2026,Mombasa,Night,OP-M01,MBA-P02,1000.0,24.8,0,214,none
MO-20260830-NAI-D,30/08/2026,Nairobi,Day,OP-N03,NBI-P04,1006.0,19.5,0,219,none
MO-20260909-KIS-D,09/09/2026,Kisumu,Day,OP-K01,KSM-P01,932.5,25.3,0,221,none
MO-20260605-MOM-N,05/06/2026,Mombasa,Night,OP-M04,MBA-P03,1087.9,31.5,0,201,none
MO-20260310-KIS-D,10/03/2026,Kisumu,Day,OP-K02,KSM-P03,1055.9,32.5,0,226,none
MO-20260127-NAI-D,27/01/2026,Nairobi,Day,OP-N02,NBI-P03,1167.4,28.2,0,222,none
MO-20261223-ELD-N,23/12/2026,Eldoret,Night,OP-E03,ELD-P02,1055.9,16.5,0,212,none
MO-20260914-MOM-N,14/09/2026,Mombasa,Night,OP-M03,MBA-P02,972.9,25.8,0,208,none
MO-20260214-ELD-D,14/02/2026,Eldoret,Day,OP-E01,ELD-P02,1020.9,22.3,0,204,none
MO-20261221-MOM-N,21/12/2026,Mombasa,Night,OP-M02,MBA-P01,1029.4,27.8,0,218,none
MO-20260321-KIS-N,21/03/2026,Kisumu,Night,OP-K02,KSM-P01,966.4,29.5,0,218,none
MO-20261120-ELD-D,20/11/2026,Eldoret,Day,OP-E02,ELD-P01,1053.3,16.1,0,220,none
MO-20261013-MOM-N,13/10/2026,Mombasa,Night,OP-M02,MBA-P02,990.7,27.5,0,217,none
MO-20260628-ELD-D,28/06/2026,Eldoret,Day,OP-E01,ELD-P02,1108.1,17.9,0,232,none
MO-20261221-KIS-D,21/12/2026,Kisumu,Day,OP-K02,KSM-P03,970.3,30.6,0,221,none
MO-20260222-MOM-N,22/02/2026,Mombasa,Night,OP-M01,MBA-P01,1100.5,33.9,0,216,none
MO-20260609-ELD-D,09/06/2026,Eldoret,Day,OP-E03,ELD-P03,964.8,18.2,0,232,none
MO-20260623-MOM-N,23/06/2026,Mombasa,Night,OP-M01,MBA-P02,991.2,29.9,0,213,none
MO-20260403-ELD-D,03/04/2026,Eldoret,Day,OP-E01,ELD-P02,1010.8,23.7,0,219,none
MO-20260227-KIS-D,27/02/2026,Kisumu,Day,OP-K02,KSM-P01,955.6,31.3,0,227,none
MO-20260705-MOM-D,05/07/2026,Mombasa,Day,OP-M02,MBA-P01,1028.6,32.9,0,210,none
MO-20261126-ELD-D,26/11/2026,Eldoret,Day,OP-E02,ELD-P03,895.4,17.9,0,226,none
MO-20261003-NAI-D,03/10/2026,Nairobi,Day,OP-N05,NBI-P03,619.7,20.5,1,218,missed_maintenance
MO-20260225-MOM-N,25/02/2026,Mombasa,Night,OP-M04,MBA-P02,986.3,33.8,0,215,none
MO-20260802-KIS-D,02/08/2026,Kisumu,Day,OP-K02,KSM-P01,929.7,21.9,0,213,none
MO-20261230-KIS-D,30/12/2026,Kisumu,Day,OP-K03,KSM-P03,1044.5,28.6,0,238,none
MO-20261107-KIS-D,07/11/2026,Kisumu,Day,OP-K03,KSM-P03,993.2,28.2,0,226,none
MO-20260109-MOM-N,09/01/2026,Mombasa,Night,OP-M02,MBA-P01,1033.6,36.2,0,213,none
MO-20261101-ELD-D,01/11/2026,Eldoret,Day,OP-E03,ELD-P02,1032.0,13.8,0,225,none
MO-20260406-NAI-D,06/04/2026,Nairobi,Day,OP-N04,NBI-P03,750.9,29.4,1,230,missed_maintenance
MO-20260605-NAI-D,05/06/2026,Nairobi,Day,OP-N03,NBI-P04,1156.6,25.4,0,219,none
MO-20260618-ELD-N,18/06/2026,Eldoret,Night,OP-E01,ELD-P03,1023.9,17.4,0,207,none
MO-20260809-NAI-D,09/08/2026,Nairobi,Day,OP-N05,NBI-P02,1144.0,21.2,0,229,none
MO-20260903-ELD-N,03/09/2026,Eldoret,Night,OP-E01,ELD-P01,798.8,14.9,0,226,none
MO-20260528-ELD-N,28/05/2026,Eldoret,Night,OP-E02,ELD-P01,803.3,19.6,0,216,none
MO-20260910-ELD-N,10/09/2026,Eldoret,Night,OP-E02,ELD-P02,873.8,17.1,0,220,none
MO-20261222-NAI-N,22/12/2026,Nairobi,Night,OP-N03,NBI-P03,665.6,20.8,1,224,missed_maintenance
MO-20260505-MOM-D,05/05/2026,Mombasa,Day,OP-M01,MBA-P03,1051.9,33.4,0,239,none
MO-20260529-NAI-N,29/05/2026,Nairobi,Night,OP-N05,NBI-P03,610.9,23.1,1,219,missed_maintenance
MO-20261017-ELD-N,17/10/2026,Eldoret,Night,OP-E03,ELD-P03,1030.3,20.0,0,214,none
MO-20261213-ELD-N,13/12/2026,Eldoret,Night,OP-E03,ELD-P01,968.3,19.0,0,211,none
MO-20261101-KIS-N,01/11/2026,Kisumu,Night,OP-K02,KSM-P03,921.9,22.4,0,232,none
MO-20260904-MOM-D,04/09/2026,Mombasa,Day,OP-M02,MBA-P01,1019.3,27.4,0,222,none
MO-20260831-KIS-D,31/08/2026,Kisumu,Day,OP-K02,KSM-P03,488.6,23.3,0,227,brief_equipment_fault
MO-20260607-ELD-N,07/06/2026,Eldoret,Night,OP-E03,ELD-P02,1045.6,20.3,0,216,none
MO-20261007-MOM-D,07/10/2026,Mombasa,Day,OP-M04,MBA-P02,1055.6,29.3,0,225,none
MO-20261215-NAI-D,15/12/2026,Nairobi,Day,OP-N03,NBI-P03,657.6,21.4,1,218,missed_maintenance
MO-20260406-MOM-D,06/04/2026,Mombasa,Day,OP-M03,MBA-P03,1063.2,36.8,0,212,none
MO-20260311-NAI-D,11/03/2026,Nairobi,Day,OP-N01,NBI-P03,663.5,27.4,1,224,missed_maintenance
MO-20260607-MOM-D,07/06/2026,Mombasa,Day,OP-M01,MBA-P03,1066.9,30.8,0,217,none
MO-20261013-NAI-N,13/10/2026,Nairobi,Night,OP-N01,NBI-P03,643.6,20.0,1,204,missed_maintenance
MO-20260513-ELD-N,13/05/2026,Eldoret,Night,OP-E02,ELD-P01,909.9,24.4,0,213,none
MO-20261030-KIS-D,30/10/2026,Kisumu,Day,OP-K02,KSM-P02,849.1,19.1,0,224,none
MO-20260816-KIS-N,16/08/2026,Kisumu,Night,OP-K01,KSM-P01,943.2,21.7,0,215,none
MO-20261104-NAI-D,04/11/2026,Nairobi,Day,OP-N04,NBI-P03,565.6,23.6,1,233,missed_maintenance
MO-20261205-ELD-N,05/12/2026,Eldoret,Night,OP-E01,ELD-P01,932.6,16.9,0,229,none
MO-20260204-KIS-D,04/02/2026,Kisumu,Day,OP-K03,KSM-P03,1058.5,29.1,0,222,none
MO-20261116-ELD-D,16/11/2026,Eldoret,Day,OP-E02,ELD-P01,946.2,15.4,0,228,none
MO-20260218-ELD-D,18/02/2026,Eldoret,Day,OP-E01,ELD-P01,974.4,21.7,0,226,none
MO-20260111-ELD-N,11/01/2026,Eldoret,Night,OP-E03,ELD-P01,959.7,20.6,0,217,none
MO-20260429-MOM-D,29/04/2026,Mombasa,Day,OP-M03,MBA-P02,1019.3,30.3,0,223,none
MO-20261126-MOM-N,26/11/2026,Mombasa,Night,OP-M04,MBA-P03,1037.8,33.8,0,226,none
MO-20260414-KIS-D,14/04/2026,Kisumu,Day,OP-K01,KSM-P01,1006.8,27.8,0,221,none
MO-20260619-ELD-D,19/06/2026,Eldoret,Day,OP-E01,ELD-P01,1079.2,17.9,0,216,none
MO-20261223-KIS-D,23/12/2026,Kisumu,Day,OP-K03,KSM-P01,1006.0,23.7,0,220,none
MO-20261006-MOM-D,06/10/2026,Mombasa,Day,OP-M02,MBA-P02,999.2,25.6,0,222,none
MO-20260202-MOM-D,02/02/2026,Mombasa,Day,OP-M01,MBA-P02,1115.3,33.9,0,217,none
MO-20261001-KIS-D,01/10/2026,Kisumu,Day,OP-K01,KSM-P02,1013.7,20.0,0,223,none
MO-20260416-NAI-D,16/04/2026,Nairobi,Day,OP-N02,NBI-P01,1155.0,26.8,0,232,none
MO-20260601-MOM-N,01/06/2026,Mombasa,Night,OP-M01,MBA-P03,955.8,28.0,0,209,none
MO-20261026-NAI-D,26/10/2026,Nairobi,Day,OP-N05,NBI-P03,587.6,21.3,1,224,missed_maintenance
MO-20261129-NAI-N,29/11/2026,Nairobi,Night,OP-N03,NBI-P03,587.4,22.3,1,223,missed_maintenance
MO-20260617-MOM-D,17/06/2026,Mombasa,Day,OP-M03,MBA-P02,1097.7,31.0,0,234,none
MO-20260805-MOM-N,05/08/2026,Mombasa,Night,OP-M04,MBA-P02,927.1,26.7,0,215,none
MO-20260903-KIS-D,03/09/2026,Kisumu,Day,OP-K01,KSM-P03,935.4,23.6,0,222,none
MO-20260214-KIS-D,14/02/2026,Kisumu,Day,OP-K03,KSM-P02,995.0,33.7,0,227,none
MO-20260719-NAI-D,19/07/2026,Nairobi,Day,OP-N05,NBI-P03,646.7,23.9,1,215,missed_maintenance
MO-20260606-NAI-N,06/06/2026,Nairobi,Night,OP-N01,NBI-P03,664.9,24.7,1,215,missed_maintenance
MO-20260501-KIS-D,01/05/2026,Kisumu,Day,OP-K01,KSM-P02,1127.6,28.8,0,224,none
MO-20260905-MOM-D,05/09/2026,Mombasa,Day,OP-M04,MBA-P03,971.2,27.5,0,220,none
MO-20261024-NAI-D,24/10/2026,Nairobi,Day,OP-N03,NBI-P03,644.4,20.5,1,218,missed_maintenance
MO-20261223-NAI-N,23/12/2026,Nairobi,Night,OP-N04,NBI-P03,476.7,23.5,1,217,missed_maintenance
MO-20261016-NAI-N,16/10/2026,Nairobi,Night,OP-N04,NBI-P03,598.2,19.8,1,217,missed_maintenance
MO-20260603-KIS-N,03/06/2026,Kisumu,Night,OP-K03,KSM-P01,915.6,28.8,0,222,none
MO-20260806-ELD-N,06/08/2026,Eldoret,Night,OP-E01,ELD-P01,885.2,10.9,0,220,none
MO-20260402-NAI-D,02/04/2026,Nairobi,Day,OP-N04,NBI-P03,666.9,29.9,1,230,missed_maintenance
MO-20260630-ELD-D,30/06/2026,Eldoret,Day,OP-E01,ELD-P03,992.0,19.9,0,234,none
MO-20260715-NAI-N,15/07/2026,Nairobi,Night,OP-N04,NBI-P03,578.0,22.3,1,225,missed_maintenance
MO-20260206-KIS-D,06/02/2026,Kisumu,Day,OP-K01,KSM-P01,1075.6,31.0,0,224,none
MO-20261022-MOM-N,22/10/2026,Mombasa,Night,OP-M04,MBA-P02,1016.4,26.5,0,226,none
MO-20260121-ELD-N,21/01/2026,Eldoret,Night,OP-E01,ELD-P01,958.2,21.6,0,215,none
MO-20260920-KIS-D,20/09/2026,Kisumu,Day,OP-K01,KSM-P01,1040.4,24.6,0,229,none
MO-20260610-MOM-N,10/06/2026,Mombasa,Night,OP-M01,MBA-P01,1024.7,28.4,0,213,none
MO-20260514-NAI-D,14/05/2026,Nairobi,Day,OP-N03,NBI-P03,647.6,28.0,1,216,missed_maintenance
MO-20260714-ELD-D,14/07/2026,Eldoret,Day,OP-E02,ELD-P01,934.5,14.5,0,215,none
MO-20260111-MOM-N,11/01/2026,Mombasa,Night,OP-M03,MBA-P01,1096.7,33.5,0,217,none
MO-20260102-KIS-D,02/01/2026,Kisumu,Day,OP-K01,KSM-P01,971.0,28.0,0,227,none
MO-20260926-KIS-N,26/09/2026,Kisumu,Night,OP-K02,KSM-P02,863.0,19.2,0,222,none
MO-20260428-ELD-D,28/04/2026,Eldoret,Day,OP-E01,ELD-P02,1076.7,20.1,0,221,none
MO-20261025-KIS-N,25/10/2026,Kisumu,Night,OP-K02,KSM-P02,953.7,23.5,0,212,none
MO-20260313-MOM-N,13/03/2026,Mombasa,Night,OP-M03,MBA-P02,1031.2,36.4,0,211,none
MO-20260607-KIS-N,07/06/2026,Kisumu,Night,OP-K02,KSM-P03,840.8,29.4,0,226,none
MO-20261203-MOM-D,03/12/2026,Mombasa,Day,OP-M04,MBA-P02,1116.1,27.4,0,221,none
MO-20261218-KIS-N,18/12/2026,Kisumu,Night,OP-K01,KSM-P01,965.5,24.6,0,217,none
MO-20261026-MOM-N,26/10/2026,Mombasa,Night,OP-M04,MBA-P03,854.8,24.0,0,220,none
MO-20260612-NAI-D,12/06/2026,Nairobi,Day,OP-N03,NBI-P03,602.8,24.1,1,221,missed_maintenance
MO-20261027-NAI-D,27/10/2026,Nairobi,Day,OP-N05,NBI-P03,634.3,20.3,1,228,missed_maintenance
MO-20261005-KIS-N,05/10/2026,Kisumu,Night,OP-K03,KSM-P02,873.4,23.2,0,224,none
MO-20260827-MOM-N,27/08/2026,Mombasa,Night,OP-M03,MBA-P01,1010.0,23.6,0,220,none
MO-20260221-MOM-N,21/02/2026,Mombasa,Night,OP-M03,MBA-P03,1054.5,37.2,0,217,none
MO-20260919-KIS-D,19/09/2026,Kisumu,Day,OP-K03,KSM-P03,995.2,23.8,0,220,none
MO-20260404-NAI-N,04/04/2026,Nairobi,Night,OP-N03,NBI-P03,580.0,27.5,1,218,missed_maintenance
MO-20260920-MOM-D,20/09/2026,Mombasa,Day,OP-M03,MBA-P02,1016.7,24.4,0,227,none
MO-20260913-KIS-N,13/09/2026,Kisumu,Night,OP-K03,KSM-P02,937.3,22.4,0,218,none
MO-20260307-MOM-N,07/03/2026,Mombasa,Night,OP-M03,MBA-P01,959.2,35.3,0,225,none
MO-20261109-NAI-D,09/11/2026,Nairobi,Day,OP-N03,NBI-P03,533.0,23.0,1,216,missed_maintenance
MO-20260202-MOM-N,02/02/2026,Mombasa,Night,OP-M04,MBA-P03,923.7,34.5,0,214,none
MO-20260710-KIS-D,10/07/2026,Kisumu,Day,OP-K02,KSM-P02,1025.0,25.0,0,221,none
MO-20260531-MOM-N,31/05/2026,Mombasa,Night,OP-M03,MBA-P01,1032.0,33.5,0,223,none
MO-20260920-MOM-N,20/09/2026,Mombasa,Night,OP-M01,MBA-P03,979.0,22.4,0,219,none
MO-20260103-ELD-D,03/01/2026,Eldoret,Day,OP-E03,ELD-P03,568.9,21.8,0,214,brief_equipment_fault
MO-20260815-NAI-D,15/08/2026,Nairobi,Day,OP-N04,NBI-P04,609.6,20.8,0,218,operator_blunder
MO-20260521-ELD-N,21/05/2026,Eldoret,Night,OP-E03,ELD-P03,1051.6,20.4,0,226,none
MO-20260217-NAI-N,17/02/2026,Nairobi,Night,OP-N02,NBI-P03,647.9,25.1,1,204,missed_maintenance
MO-20260618-MOM-N,18/06/2026,Mombasa,Night,OP-M03,MBA-P02,1150.0,29.9,0,229,none
MO-20260611-NAI-N,11/06/2026,Nairobi,Night,OP-N01,NBI-P03,641.0,25.9,1,211,missed_maintenance
MO-20261031-ELD-D,31/10/2026,Eldoret,Day,OP-E02,ELD-P02,967.4,16.2,0,219,none
MO-20260123-MOM-D,23/01/2026,Mombasa,Day,OP-M04,MBA-P01,1035.5,33.0,0,230,none
MO-20261103-NAI-N,03/11/2026,Nairobi,Night,OP-N01,NBI-P03,653.7,18.7,1,230,missed_maintenance
MO-20260924-MOM-D,24/09/2026,Mombasa,Day,OP-M04,MBA-P03,1022.6,24.7,0,215,none
MO-20260928-MOM-D,28/09/2026,Mombasa,Day,OP-M04,MBA-P03,1069.5,24.4,0,223,none
MO-20260806-ELD-D,06/08/2026,Eldoret,Day,OP-E01,ELD-P03,1067.3,15.1,0,227,none
MO-20261228-KIS-N,28/12/2026,Kisumu,Night,OP-K02,KSM-P02,917.2,27.1,0,225,none
MO-20260510-NAI-D,10/05/2026,Nairobi,Day,OP-N02,NBI-P03,671.0,23.7,1,225,missed_maintenance
MO-20260623-ELD-D,23/06/2026,Eldoret,Day,OP-E01,ELD-P03,926.6,15.7,0,210,none
MO-20260725-MOM-D,25/07/2026,Mombasa,Day,OP-M01,MBA-P03,1045.6,26.4,0,230,none
MO-20261029-NAI-D,29/10/2026,Nairobi,Day,OP-N01,NBI-P03,637.7,21.1,1,220,missed_maintenance
MO-20260701-ELD-N,01/07/2026,Eldoret,Night,OP-E02,ELD-P03,919.9,15.2,0,219,none
MO-20261229-MOM-N,29/12/2026,Mombasa,Night,OP-M03,MBA-P01,916.5,30.2,0,233,none
MO-20260930-KIS-D,30/09/2026,Kisumu,Day,OP-K02,KSM-P03,985.4,24.1,0,223,none
MO-20260503-ELD-D,03/05/2026,Eldoret,Day,OP-E03,ELD-P03,989.7,22.2,0,218,none
MO-20261007-KIS-N,07/10/2026,Kisumu,Night,OP-K03,KSM-P01,900.8,23.6,0,229,none
MO-20260329-ELD-N,29/03/2026,Eldoret,Night,OP-E03,ELD-P02,1012.2,22.6,0,224,none
MO-20260606-KIS-D,06/06/2026,Kisumu,Day,OP-K01,KSM-P03,1046.5,29.1,0,234,none
MO-20260427-KIS-D,27/04/2026,Kisumu,Day,OP-K03,KSM-P02,1048.2,30.7,0,227,none
MO-20261101-NAI-N,01/11/2026,Nairobi,Night,OP-N02,NBI-P03,495.8,22.8,1,216,missed_maintenance
MO-20260223-NAI-N,23/02/2026,Nairobi,Night,OP-N04,NBI-P03,684.7,28.4,1,219,missed_maintenance
MO-20260210-KIS-N,10/02/2026,Kisumu,Night,OP-K03,KSM-P01,1072.5,32.8,0,217,none
MO-20260515-KIS-N,15/05/2026,Kisumu,Night,OP-K03,KSM-P03,1041.5,29.3,0,221,none
MO-20260601-ELD-N,01/06/2026,Eldoret,Night,OP-E01,ELD-P01,935.5,17.6,0,221,none
MO-20260127-ELD-D,27/01/2026,Eldoret,Day,OP-E03,ELD-P03,1078.2,24.8,0,218,none
MO-20260113-ELD-D,13/01/2026,Eldoret,Day,OP-E03,ELD-P01,898.9,22.1,0,224,none
MO-20260426-ELD-D,26/04/2026,Eldoret,Day,OP-E01,ELD-P02,984.3,20.4,0,224,none
MO-20260115-ELD-N,15/01/2026,Eldoret,Night,OP-E01,ELD-P01,878.1,23.3,0,219,none
MO-20261001-ELD-D,01/10/2026,Eldoret,Day,OP-E02,ELD-P02,985.9,14.5,0,219,none
MO-20260113-ELD-N,13/01/2026,Eldoret,Night,OP-E03,ELD-P03,987.8,23.5,0,221,none
MO-20260427-MOM-D,27/04/2026,Mombasa,Day,OP-M04,MBA-P03,1038.6,33.4,0,206,none
MO-20260927-MOM-D,27/09/2026,Mombasa,Day,OP-M03,MBA-P01,918.7,24.3,0,218,none
MO-20261013-KIS-D,13/10/2026,Kisumu,Day,OP-K01,KSM-P02,1012.0,24.1,0,237,none
MO-20260227-MOM-D,27/02/2026,Mombasa,Day,OP-M04,MBA-P02,1048.1,37.8,0,218,none
MO-20260621-NAI-D,21/06/2026,Nairobi,Day,OP-N02,NBI-P03,598.9,24.8,1,218,missed_maintenance
MO-20260303-MOM-D,03/03/2026,Mombasa,Day,OP-M03,MBA-P03,1127.7,36.9,0,231,none
MO-20260909-KIS-N,09/09/2026,Kisumu,Night,OP-K01,KSM-P02,918.4,21.2,0,217,none
MO-20260312-NAI-N,12/03/2026,Nairobi,Night,OP-N01,NBI-P03,607.5,,1,236,missed_maintenance
MO-20260419-MOM-N,19/04/2026,Mombasa,Night,OP-M01,MBA-P01,1041.9,32.3,0,214,none
MO-20260905-KIS-D,05/09/2026,Kisumu,Day,OP-K01,KSM-P02,1007.2,21.1,0,224,none
MO-20260606-MOM-D,06/06/2026,Mombasa,Day,OP-M01,MBA-P01,1092.4,33.4,0,230,none
MO-20260705-ELD-D,05/07/2026,Eldoret,Day,OP-E03,ELD-P01,962.5,18.2,0,213,none
MO-20260823-ELD-N,23/08/2026,Eldoret,Night,OP-E03,ELD-P01,965.3,17.5,0,233,none
MO-20261227-MOM-D,27/12/2026,Mombasa,Day,OP-M01,MBA-P01,993.5,31.8,0,237,none
MO-20260110-KIS-N,10/01/2026,Kisumu,Night,OP-K03,KSM-P02,948.4,27.4,0,225,none
MO-20261007-KIS-D,07/10/2026,Kisumu,Day,OP-K03,KSM-P01,1029.1,21.0,0,237,none
MO-20260323-ELD-N,23/03/2026,Eldoret,Night,OP-E02,ELD-P03,930.7,21.6,0,219,none
MO-20260625-NAI-N,25/06/2026,Nairobi,Night,OP-N02,NBI-P03,638.8,22.7,1,210,missed_maintenance
MO-20260131-MOM-D,31/01/2026,Mombasa,Day,OP-M01,MBA-P03,1073.9,34.6,0,217,none
MO-20260929-MOM-N,29/09/2026,Mombasa,Night,OP-M03,MBA-P02,1052.5,29.8,0,214,none
MO-20261001-KIS-N,01/10/2026,Kisumu,Night,OP-K01,KSM-P01,946.8,26.2,0,225,none
MO-20261024-ELD-D,24/10/2026,Eldoret,Day,OP-E02,ELD-P01,984.7,17.8,0,219,none
MO-20260124-MOM-N,24/01/2026,Mombasa,Night,OP-M01,MBA-P02,991.5,33.0,0,222,none
MO-20260731-NAI-N,31/07/2026,Nairobi,Night,OP-N05,NBI-P03,591.8,18.9,1,218,missed_maintenance
MO-20260208-NAI-N,08/02/2026,Nairobi,Night,OP-N02,NBI-P03,594.0,27.1,1,223,missed_maintenance
MO-20260205-NAI-D,05/02/2026,Nairobi,Day,OP-N04,NBI-P03,585.3,26.2,1,214,missed_maintenance
MO-20260413-KIS-D,13/04/2026,Kisumu,Day,OP-K01,KSM-P01,1068.1,29.8,0,223,none
MO-20260904-ELD-D,04/09/2026,Eldoret,Day,OP-E01,ELD-P03,947.8,17.5,0,239,none
MO-20260226-MOM-D,26/02/2026,Mombasa,Day,OP-M03,MBA-P02,1120.2,33.5,0,215,none
MO-20260107-MOM-N,07/01/2026,Mombasa,Night,OP-M02,MBA-P03,927.9,32.1,0,228,none
MO-20261217-MOM-N,17/12/2026,Mombasa,Night,OP-M02,MBA-P02,988.2,28.0,0,213,none
MO-20260131-KIS-D,31/01/2026,Kisumu,Day,OP-K01,KSM-P03,1096.5,28.7,0,231,none
MO-20260401-NAI-D,01/04/2026,Nairobi,Day,OP-N03,NBI-P03,634.4,30.3,1,230,missed_maintenance
MO-20260512-NAI-D,12/05/2026,Nairobi,Day,OP-N04,NBI-P04,1210.6,31.7,0,223,none
MO-20261018-MOM-D,18/10/2026,Mombasa,Day,OP-M04,MBA-P01,1035.0,25.7,0,221,none
MO-20261202-MOM-D,02/12/2026,Mombasa,Day,OP-M03,MBA-P03,995.7,30.5,0,224,none
MO-20261129-NAI-D,29/11/2026,Nairobi,Day,OP-N04,NBI-P03,575.2,22.3,1,229,missed_maintenance
MO-20260606-MOM-N,06/06/2026,Mombasa,Night,OP-M02,MBA-P03,1001.9,28.0,0,220,none
MO-20260923-NAI-D,23/09/2026,Nairobi,Day,OP-N04,NBI-P03,342.0,18.3,1,212,brief_equipment_fault
MO-20261221-ELD-D,21/12/2026,Eldoret,Day,OP-E02,ELD-P03,937.5,17.7,0,218,none
MO-20260324-NAI-N,24/03/2026,Nairobi,Night,OP-N05,NBI-P03,632.7,29.2,1,221,missed_maintenance
MO-20260518-ELD-D,18/05/2026,Eldoret,Day,OP-E02,ELD-P01,1050.3,18.6,0,226,none
MO-20261019-NAI-N,19/10/2026,Nairobi,Night,OP-N02,NBI-P03,651.7,20.1,1,222,missed_maintenance
MO-20260227-KIS-N,27/02/2026,Kisumu,Night,OP-K01,KSM-P03,907.9,30.3,0,210,none
MO-20261205-NAI-D,05/12/2026,Nairobi,Day,OP-N01,NBI-P02,1126.3,22.1,0,223,none
MO-20260925-NAI-D,25/09/2026,Nairobi,Day,OP-N03,NBI-P03,619.0,18.7,1,236,missed_maintenance
MO-20260307-ELD-N,07/03/2026,Eldoret,Night,OP-E03,ELD-P01,571.4,24.7,0,220,operator_blunder
MO-20260712-NAI-D,12/07/2026,Nairobi,Day,OP-N01,NBI-P03,756.2,21.0,1,224,missed_maintenance
MO-20261203-ELD-D,03/12/2026,Eldoret,Day,OP-E02,ELD-P02,958.2,22.1,0,224,none
MO-20260526-KIS-N,26/05/2026,Kisumu,Night,OP-K02,KSM-P02,901.3,29.7,0,214,none
MO-20260309-ELD-N,09/03/2026,Eldoret,Night,OP-E03,ELD-P01,901.3,19.0,0,229,none
MO-20260415-NAI-N,15/04/2026,Nairobi,Night,OP-N04,NBI-P03,625.0,28.3,1,208,missed_maintenance
MO-20260511-ELD-D,11/05/2026,Eldoret,Day,,ELD-P02,986.2,19.0,0,225,none
MO-20261003-MOM-D,03/10/2026,Mombasa,Day,OP-M03,MBA-P03,1056.5,26.2,0,217,none
MO-20260429-NAI-N,29/04/2026,Nairobi,Night,OP-N02,NBI-P03,624.1,28.4,1,221,missed_maintenance
MO-20260305-ELD-N,05/03/2026,Eldoret,Night,OP-E02,ELD-P01,1094.7,24.6,0,219,none
MO-20260826-KIS-N,26/08/2026,Kisumu,Night,OP-K03,KSM-P03,1026.4,23.5,0,215,none
MO-20261024-NAI-N,24/10/2026,Nairobi,Night,OP-N02,NBI-P03,614.1,18.5,1,213,missed_maintenance
MO-20261111-NAI-D,11/11/2026,Nairobi,Day,OP-N03,NBI-P03,638.1,21.5,1,232,missed_maintenance
MO-20260918-MOM-N,18/09/2026,Mombasa,Night,OP-M02,MBA-P02,807.9,27.5,0,226,none
MO-20261115-KIS-N,15/11/2026,Kisumu,Night,OP-K03,KSM-P01,919.7,25.0,0,215,none
MO-20260906-MOM-D,06/09/2026,Mombasa,Day,OP-M02,MBA-P03,1033.3,28.4,0,239,none
MO-20261012-MOM-D,12/10/2026,Mombasa,Day,OP-M03,MBA-P02,982.7,24.5,0,221,none
MO-20261203-KIS-N,03/12/2026,Kisumu,Night,OP-K01,KSM-P01,833.1,26.8,0,220,none
MO-20260927-NAI-N,27/09/2026,Nairobi,Night,OP-N05,NBI-P02,941.6,17.0,0,222,none
MO-20261220-MOM-D,20/12/2026,Mombasa,Day,,MBA-P03,1142.4,30.7,0,219,none
MO-20260801-MOM-D,01/08/2026,Mombasa,Day,OP-M04,MBA-P03,1064.6,28.0,0,227,none
MO-20260314-NAI-N,14/03/2026,Nairobi,Night,OP-N05,NBI-P03,681.5,,1,223,missed_maintenance
MO-20260128-MOM-N,28/01/2026,Mombasa,Night,OP-M01,MBA-P02,1034.0,33.0,0,223,none
MO-20260328-NAI-D,28/03/2026,Nairobi,Day,OP-N04,NBI-P04,1104.9,27.7,0,220,none
MO-20261226-NAI-D,26/12/2026,Nairobi,Day,OP-N03,NBI-P03,666.5,27.3,1,217,missed_maintenance
MO-20260818-NAI-N,18/08/2026,Nairobi,Night,OP-N02,NBI-P03,636.4,20.3,1,214,missed_maintenance
MO-20260109-MOM-D,09/01/2026,Mombasa,Day,OP-M01,MBA-P02,1078.0,30.2,0,215,none
MO-20261008-MOM-N,08/10/2026,Mombasa,Night,OP-M04,MBA-P03,965.9,24.8,0,217,none
MO-20260319-MOM-D,19/03/2026,Mombasa,Day,OP-M02,MBA-P03,1203.8,35.3,0,224,none
MO-20260304-ELD-D,04/03/2026,Eldoret,Day,OP-E03,ELD-P03,927.1,25.3,0,213,none
MO-20260508-ELD-D,08/05/2026,Eldoret,Day,OP-E03,ELD-P01,1056.5,18.9,0,219,none
MO-20261015-ELD-N,15/10/2026,Eldoret,Night,OP-E03,ELD-P02,878.1,18.3,0,213,none
MO-20260511-MOM-D,11/05/2026,Mombasa,Day,OP-M04,MBA-P03,640.8,31.2,0,222,brief_equipment_fault
MO-20261110-KIS-N,10/11/2026,Kisumu,Night,OP-K01,KSM-P03,786.7,24.7,0,226,none
MO-20260120-NAI-D,20/01/2026,Nairobi,Day,OP-N04,NBI-P04,1072.4,27.0,0,227,none
MO-20260411-MOM-N,11/04/2026,Mombasa,Night,OP-M02,MBA-P01,941.8,33.7,0,217,none
MO-20261009-ELD-N,09/10/2026,Eldoret,Night,OP-E03,ELD-P01,864.2,14.9,0,224,none
MO-20260125-NAI-D,25/01/2026,Nairobi,Day,OP-N02,NBI-P03,1018.5,28.2,0,222,none
MO-20260906-KIS-D,06/09/2026,Kisumu,Day,OP-K01,KSM-P02,986.5,20.2,0,222,none
MO-20260112-KIS-D,12/01/2026,Kisumu,Day,OP-K03,KSM-P02,1028.9,30.4,0,217,none
MO-20260301-MOM-N,01/03/2026,Mombasa,Night,OP-M04,MBA-P01,959.8,35.8,0,222,none
MO-20260730-NAI-D,30/07/2026,Nairobi,Day,OP-N02,NBI-P03,693.7,19.1,1,221,missed_maintenance
MO-20261119-NAI-N,19/11/2026,Nairobi,Night,OP-N03,NBI-P03,565.0,25.4,1,218,missed_maintenance
MO-20260104-MOM-N,04/01/2026,Mombasa,Night,OP-M04,MBA-P02,888.6,34.4,0,222,none
MO-20260206-MOM-D,06/02/2026,Mombasa,Day,OP-M04,MBA-P02,1064.1,35.8,0,219,none
MO-20261014-NAI-D,14/10/2026,Nairobi,Day,OP-N03,NBI-P03,706.6,22.8,1,212,missed_maintenance
MO-20261017-KIS-D,17/10/2026,Kisumu,Day,OP-K02,KSM-P01,892.4,22.2,0,220,none
MO-20260728-ELD-N,28/07/2026,Eldoret,Night,OP-E01,ELD-P01,861.2,16.2,0,216,none
MO-20260526-NAI-N,26/05/2026,Nairobi,Night,OP-N03,NBI-P03,721.9,24.0,1,220,missed_maintenance
MO-20260110-MOM-N,10/01/2026,Mombasa,Night,OP-M04,MBA-P01,996.2,31.5,0,217,none
MO-20261118-MOM-N,18/11/2026,Mombasa,Night,OP-M01,MBA-P03,1025.2,29.3,0,217,none
MO-20260810-NAI-N,10/08/2026,Nairobi,Night,OP-N05,NBI-P03,585.3,19.7,1,225,missed_maintenance
MO-20260508-MOM-N,08/05/2026,Mombasa,Night,OP-M01,MBA-P01,939.6,26.9,0,221,none
MO-20261103-KIS-D,03/11/2026,Kisumu,Day,,KSM-P02,990.7,26.4,0,225,none
MO-20260518-NAI-N,18/05/2026,Nairobi,Night,OP-N02,NBI-P03,641.6,25.2,1,202,missed_maintenance
MO-20260803-MOM-D,03/08/2026,Mombasa,Day,OP-M02,MBA-P01,1053.5,26.2,0,223,none
MO-20261219-KIS-N,19/12/2026,Kisumu,Night,OP-K02,KSM-P01,841.6,25.6,0,220,none
MO-20260427-MOM-N,27/04/2026,Mombasa,Night,OP-M02,MBA-P01,1075.1,33.7,0,225,none
MO-20260430-MOM-N,30/04/2026,Mombasa,Night,OP-M03,MBA-P01,1095.8,33.2,0,207,none
MO-20260305-MOM-D,05/03/2026,Mombasa,Day,OP-M04,MBA-P03,1123.6,33.1,0,218,none
MO-20261022-KIS-D,22/10/2026,Kisumu,Day,OP-K01,KSM-P01,1004.7,21.4,0,226,none
MO-20260210-ELD-N,10/02/2026,Eldoret,Night,OP-E01,ELD-P03,796.9,22.0,0,225,none
MO-20260907-MOM-D,07/09/2026,Mombasa,Day,OP-M01,MBA-P03,1065.1,26.1,0,220,none
MO-20261214-KIS-D,14/12/2026,Kisumu,Day,OP-K01,KSM-P03,918.1,26.3,0,240,none
MO-20260724-ELD-D,24/07/2026,Eldoret,Day,OP-E03,ELD-P03,903.1,17.7,0,218,none
MO-20261227-ELD-D,27/12/2026,Eldoret,Day,OP-E01,ELD-P02,988.3,20.2,0,225,none
MO-20260419-NAI-N,19/04/2026,Nairobi,Night,OP-N02,NBI-P01,1093.3,29.2,0,223,none
MO-20261203-NAI-N,03/12/2026,Nairobi,Night,OP-N05,NBI-P03,633.0,25.1,1,234,missed_maintenance
MO-20260604-KIS-D,04/06/2026,Kisumu,Day,OP-K03,KSM-P01,963.8,29.3,0,220,none
MO-20260102-NAI-D,02/01/2026,Nairobi,Day,OP-N03,NBI-P02,1052.4,26.0,0,223,none
MO-20260420-MOM-N,20/04/2026,Mombasa,Night,OP-M02,MBA-P02,1121.0,32.5,0,220,none
MO-20260317-ELD-N,17/03/2026,Eldoret,Night,OP-E01,ELD-P01,1020.6,21.7,0,230,none
MO-20261110-MOM-N,10/11/2026,Mombasa,Night,OP-M02,MBA-P03,1095.7,27.5,0,219,none
MO-20261129-ELD-D,29/11/2026,Eldoret,Day,OP-E01,ELD-P01,1024.3,15.4,0,230,none
MO-20261031-MOM-N,31/10/2026,Mombasa,Night,OP-M02,MBA-P03,1026.3,23.9,0,220,none
MO-20261210-ELD-N,10/12/2026,Eldoret,Night,OP-E01,ELD-P03,777.7,22.4,0,228,none
MO-20260923-KIS-N,23/09/2026,Kisumu,Night,OP-K03,KSM-P02,919.1,24.1,0,225,none
MO-20260103-KIS-N,03/01/2026,Kisumu,Night,OP-K03,KSM-P01,905.4,29.5,0,202,none
MO-20261211-NAI-N,11/12/2026,Nairobi,Night,OP-N05,NBI-P03,673.9,24.5,1,221,missed_maintenance
MO-20260727-NAI-D,27/07/2026,Nairobi,Day,OP-N05,NBI-P03,636.6,20.4,1,216,missed_maintenance
MO-20260126-MOM-D,26/01/2026,Mombasa,Day,OP-M02,MBA-P03,1003.2,33.5,0,233,none
MO-20260507-ELD-N,07/05/2026,Eldoret,Night,OP-E01,ELD-P01,567.6,22.1,0,225,operator_blunder
MO-20261221-NAI-D,21/12/2026,Nairobi,Day,OP-N05,NBI-P03,592.6,25.5,1,222,missed_maintenance
MO-20260716-MOM-D,16/07/2026,Mombasa,Day,OP-M04,MBA-P01,1058.6,26.9,0,223,none
MO-20261214-NAI-N,14/12/2026,Nairobi,Night,OP-N04,NBI-P03,577.1,22.8,1,215,missed_maintenance
MO-20260526-NAI-D,26/05/2026,Nairobi,Day,OP-N03,NBI-P03,676.2,21.3,1,234,missed_maintenance
MO-20261022-NAI-N,22/10/2026,Nairobi,Night,OP-N01,NBI-P03,563.2,17.5,1,221,missed_maintenance
MO-20261120-NAI-N,20/11/2026,Nairobi,Night,OP-N04,NBI-P03,622.6,21.9,1,219,missed_maintenance
MO-20260115-ELD-D,15/01/2026,Eldoret,Day,OP-E01,ELD-P01,967.5,21.3,0,228,none
MO-20260927-NAI-D,27/09/2026,Nairobi,Day,OP-N04,NBI-P03,597.6,23.1,1,234,missed_maintenance
MO-20260307-KIS-D,07/03/2026,Kisumu,Day,OP-K01,KSM-P01,1026.4,31.1,0,228,none
MO-20260213-NAI-D,13/02/2026,Nairobi,Day,OP-N04,NBI-P03,681.0,27.5,1,217,missed_maintenance
MO-20261205-KIS-N,05/12/2026,Kisumu,Night,OP-K02,KSM-P01,960.3,26.6,0,218,none
MO-20260902-MOM-N,02/09/2026,Mombasa,Night,OP-M03,MBA-P02,828.2,24.6,0,216,none
MO-20260916-ELD-D,16/09/2026,Eldoret,Day,OP-E03,ELD-P03,1039.0,13.9,0,222,none
MO-20260526-MOM-N,26/05/2026,Mombasa,Night,OP-M02,MBA-P01,1001.6,31.7,0,229,none
MO-20261227-NAI-N,27/12/2026,Nairobi,Night,OP-N01,NBI-P03,540.2,27.3,1,224,missed_maintenance
MO-20260702-KIS-D,02/07/2026,Kisumu,Day,OP-K03,KSM-P03,960.3,26.6,0,227,none
MO-20260705-KIS-D,05/07/2026,Kisumu,Day,OP-K03,KSM-P03,992.3,25.9,0,238,none
MO-20261101-NAI-D,01/11/2026,Nairobi,Day,OP-N03,NBI-P03,652.0,20.2,1,227,missed_maintenance
MO-20260514-ELD-N,14/05/2026,Eldoret,Night,OP-E02,ELD-P03,991.4,18.8,0,234,none
MO-20260110-NAI-N,10/01/2026,Nairobi,Night,OP-N01,NBI-P03,1022.5,27.3,0,226,none
MO-20260530-KIS-D,30/05/2026,Kisumu,Day,OP-K02,KSM-P02,990.9,27.1,0,227,none
MO-20260611-ELD-N,11/06/2026,Eldoret,Night,OP-E02,ELD-P02,871.7,17.3,0,224,none
MO-20261022-ELD-D,22/10/2026,Eldoret,Day,OP-E02,ELD-P01,949.2,13.7,0,213,none
MO-20260828-ELD-D,28/08/2026,Eldoret,Day,OP-E01,ELD-P02,1007.8,13.4,0,224,none
MO-20260617-ELD-D,17/06/2026,Eldoret,Day,OP-E02,ELD-P01,918.4,17.2,0,215,none
MO-20261118-MOM-D,18/11/2026,Mombasa,Day,OP-M03,MBA-P01,947.8,28.6,0,226,none
MO-20260302-KIS-N,02/03/2026,Kisumu,Night,OP-K01,KSM-P01,914.7,31.1,0,222,none
MO-20260903-KIS-N,03/09/2026,Kisumu,Night,OP-K03,KSM-P01,960.3,22.5,0,218,none
MO-20261216-NAI-D,16/12/2026,Nairobi,Day,OP-N02,NBI-P01,1082.1,25.3,0,219,none
MO-20260314-MOM-D,14/03/2026,Mombasa,Day,OP-M04,MBA-P01,1121.5,36.0,0,223,none
MO-20260426-KIS-D,26/04/2026,Kisumu,Day,OP-K01,KSM-P02,987.1,29.3,0,224,none
MO-20260620-MOM-D,20/06/2026,Mombasa,Day,OP-M03,MBA-P03,1050.9,28.5,0,221,none
MO-20260103-NAI-D,03/01/2026,Nairobi,Day,OP-N01,NBI-P03,1136.3,25.9,0,227,none
MO-20260203-KIS-D,03/02/2026,Kisumu,Day,OP-K03,KSM-P03,1059.5,28.0,0,231,none
MO-20261224-MOM-D,24/12/2026,Mombasa,Day,OP-M04,MBA-P01,1063.9,31.7,0,224,none
MO-20260416-ELD-D,16/04/2026,Eldoret,Day,OP-E03,ELD-P03,1135.1,21.9,0,229,none
MO-20260410-MOM-N,10/04/2026,Mombasa,Night,OP-M01,MBA-P03,1028.2,34.8,0,220,none
MO-20260403-KIS-N,03/04/2026,Kisumu,Night,OP-K01,KSM-P03,1086.4,26.2,0,211,none
MO-20261012-MOM-N,12/10/2026,Mombasa,Night,OP-M04,MBA-P01,886.0,24.8,0,219,none
MO-20260612-KIS-D,12/06/2026,Kisumu,Day,OP-K01,KSM-P02,1067.2,28.0,0,217,none
MO-20260709-ELD-N,09/07/2026,Eldoret,Night,OP-E03,ELD-P02,925.2,14.8,0,216,none
MO-20261003-NAI-N,03/10/2026,Nairobi,Night,OP-N02,NBI-P02,970.3,20.5,0,221,none
MO-20261227-MOM-N,27/12/2026,Mombasa,Night,OP-M02,MBA-P01,990.7,31.9,0,212,none
MO-20260516-KIS-N,16/05/2026,Kisumu,Night,OP-K03,KSM-P01,814.7,26.7,0,227,none
MO-20260921-ELD-D,21/09/2026,Eldoret,Day,OP-E03,ELD-P02,976.7,13.1,0,214,none
MO-20260301-KIS-D,01/03/2026,Kisumu,Day,OP-K02,KSM-P01,1053.8,28.9,0,230,none
MO-20261209-ELD-N,09/12/2026,Eldoret,Night,OP-E01,ELD-P03,908.7,22.5,0,218,none
MO-20261003-ELD-N,03/10/2026,Eldoret,Night,OP-E02,ELD-P01,806.6,14.0,0,227,none
MO-20260802-KIS-N,02/08/2026,Kisumu,Night,OP-K01,KSM-P01,998.4,21.4,0,210,none
MO-20260712-ELD-D,12/07/2026,Eldoret,Day,OP-E01,ELD-P01,916.9,19.4,0,224,none
MO-20261120-MOM-N,20/11/2026,Mombasa,Night,OP-M02,MBA-P02,1035.1,29.6,0,211,none
MO-20260407-NAI-D,07/04/2026,Nairobi,Day,OP-N05,NBI-P03,763.6,26.1,1,217,missed_maintenance
MO-20261225-MOM-N,25/12/2026,Mombasa,Night,OP-M03,MBA-P03,1057.3,31.5,0,220,none
MO-20260319-ELD-N,19/03/2026,Eldoret,Night,OP-E01,ELD-P01,942.6,21.9,0,216,none
MO-20261008-KIS-D,08/10/2026,Kisumu,Day,OP-K02,KSM-P02,932.1,22.0,0,225,none
MO-20260517-KIS-N,17/05/2026,Kisumu,Night,OP-K01,KSM-P03,905.0,29.2,0,230,none
MO-20261217-ELD-D,17/12/2026,Eldoret,Day,OP-E01,ELD-P02,914.8,19.2,0,216,none
MO-20260503-MOM-N,03/05/2026,Mombasa,Night,OP-M01,MBA-P03,980.5,34.3,0,217,none
MO-20260731-MOM-D,31/07/2026,Mombasa,Day,OP-M03,MBA-P03,1120.1,27.3,0,217,none
MO-20260404-MOM-D,04/04/2026,Mombasa,Day,OP-M04,MBA-P02,1022.5,36.1,0,212,none
MO-20261127-MOM-N,27/11/2026,Mombasa,Night,OP-M02,MBA-P03,758.0,28.6,0,225,operator_blunder
MO-20260528-NAI-N,28/05/2026,Nairobi,Night,OP-N05,NBI-P04,991.8,26.7,0,209,none
MO-20260909-NAI-D,09/09/2026,Nairobi,Day,OP-N03,NBI-P03,622.1,19.4,1,217,missed_maintenance
MO-20260203-ELD-N,03/02/2026,Eldoret,Night,OP-E03,ELD-P03,932.0,20.6,0,215,none
MO-20260119-NAI-N,19/01/2026,Nairobi,Night,OP-N04,NBI-P02,1070.2,26.2,0,225,none
MO-20261122-ELD-N,22/11/2026,Eldoret,Night,OP-E01,ELD-P01,933.3,20.9,0,213,none
MO-20260207-MOM-N,07/02/2026,Mombasa,Night,OP-M02,MBA-P02,908.6,31.9,0,217,none
MO-20260909-MOM-D,09/09/2026,Mombasa,Day,OP-M02,MBA-P02,997.0,25.0,0,225,none
MO-20260222-NAI-N,22/02/2026,Nairobi,Night,OP-N04,NBI-P03,580.4,27.4,1,215,missed_maintenance
MO-20261114-KIS-D,14/11/2026,Kisumu,Day,,KSM-P02,991.2,21.2,0,214,none
MO-20260113-KIS-N,13/01/2026,Kisumu,Night,OP-K01,KSM-P03,963.4,25.3,0,223,none
MO-20260105-ELD-D,05/01/2026,Eldoret,Day,OP-E01,ELD-P02,1002.2,19.1,0,223,none
MO-20260211-MOM-D,11/02/2026,Mombasa,Day,OP-M04,MBA-P03,1004.3,31.5,0,226,none
MO-20260717-KIS-N,17/07/2026,Kisumu,Night,OP-K03,KSM-P01,870.8,24.8,0,212,none
MO-20261124-ELD-D,24/11/2026,Eldoret,Day,OP-E03,ELD-P03,1078.1,17.9,0,218,none
MO-20260726-ELD-N,26/07/2026,Eldoret,Night,OP-E03,ELD-P01,1002.0,15.7,0,222,none
MO-20261210-KIS-N,10/12/2026,Kisumu,Night,OP-K02,KSM-P03,475.4,28.8,0,205,brief_equipment_fault
MO-20260223-NAI-D,23/02/2026,Nairobi,Day,OP-N01,NBI-P03,712.0,27.4,1,218,missed_maintenance
MO-20261029-ELD-N,29/10/2026,Eldoret,Night,OP-E01,ELD-P03,990.2,17.5,0,212,none
MO-20261115-NAI-N,15/11/2026,Nairobi,Night,OP-N01,NBI-P02,901.8,22.0,0,224,none
MO-20261008-ELD-D,08/10/2026,Eldoret,Day,OP-E02,ELD-P01,951.1,13.5,0,217,none
MO-20260420-MOM-D,20/04/2026,Mombasa,Day,OP-M02,MBA-P01,1069.2,33.0,0,224,none
MO-20260917-ELD-N,17/09/2026,Eldoret,Night,OP-E01,ELD-P01,931.5,13.5,0,228,none
MO-20260530-MOM-D,30/05/2026,Mombasa,Day,OP-M04,MBA-P03,1005.7,29.6,0,223,none
MO-20260608-MOM-N,08/06/2026,Mombasa,Night,OP-M03,MBA-P02,969.7,27.7,0,223,none
MO-20260413-MOM-N,13/04/2026,Mombasa,Night,OP-M01,MBA-P03,993.8,33.8,0,224,none
MO-20260624-KIS-N,24/06/2026,Kisumu,Night,OP-K02,KSM-P03,918.4,25.0,0,217,none
MO-20260527-KIS-D,27/05/2026,Kisumu,Day,OP-K02,KSM-P02,1079.4,30.9,0,220,none
MO-20260309-MOM-N,09/03/2026,Mombasa,Night,OP-M01,MBA-P02,1074.9,36.8,0,225,none
MO-20261010-KIS-N,10/10/2026,Kisumu,Night,OP-K01,KSM-P01,908.5,22.7,0,217,none
MO-20260823-NAI-D,23/08/2026,Nairobi,Day,OP-N01,NBI-P01,1068.6,21.2,0,231,none
MO-20260413-NAI-N,13/04/2026,Nairobi,Night,OP-N05,NBI-P03,534.6,27.1,1,218,missed_maintenance
MO-20260209-NAI-N,09/02/2026,Nairobi,Night,OP-N05,NBI-P03,630.9,29.7,1,223,missed_maintenance
MO-20260321-NAI-D,21/03/2026,Nairobi,Day,,NBI-P03,643.1,,1,220,missed_maintenance
MO-20260306-NAI-N,06/03/2026,Nairobi,Night,OP-N05,NBI-P01,1038.1,27.9,0,212,none
MO-20260618-NAI-D,18/06/2026,Nairobi,Day,OP-N04,NBI-P04,1104.5,22.6,0,219,none
MO-20261216-MOM-D,16/12/2026,Mombasa,Day,OP-M02,MBA-P01,1038.0,28.9,0,224,none
MO-20261022-KIS-N,22/10/2026,Kisumu,Night,OP-K03,KSM-P01,964.3,21.0,0,223,none
MO-20261017-MOM-D,17/10/2026,Mombasa,Day,OP-M02,MBA-P01,982.2,29.6,0,214,none
MO-20260408-ELD-N,08/04/2026,Eldoret,Night,OP-E01,ELD-P03,913.8,21.3,0,213,none
MO-20260601-KIS-D,01/06/2026,Kisumu,Day,OP-K03,KSM-P02,1013.8,26.4,0,232,none
MO-20260206-ELD-N,06/02/2026,Eldoret,Night,OP-E03,ELD-P01,677.5,22.4,0,221,operator_blunder
MO-20261120-KIS-N,20/11/2026,Kisumu,Night,OP-K01,KSM-P03,977.9,23.7,0,209,none
MO-20260727-ELD-N,27/07/2026,Eldoret,Night,OP-E01,ELD-P03,824.8,13.5,0,229,none
MO-20260908-KIS-D,08/09/2026,Kisumu,Day,OP-K03,KSM-P03,956.3,21.4,0,226,none
MO-20260623-NAI-N,23/06/2026,Nairobi,Night,OP-N02,NBI-P04,1035.9,22.6,0,206,none
MO-20260118-ELD-D,18/01/2026,Eldoret,Day,OP-E03,ELD-P02,971.2,19.3,0,222,none
MO-20260606-KIS-N,06/06/2026,Kisumu,Night,OP-K02,KSM-P03,992.6,27.3,0,229,none
MO-20260701-MOM-N,01/07/2026,Mombasa,Night,OP-M04,MBA-P03,1038.0,32.9,0,225,none
MO-20261224-NAI-N,24/12/2026,Nairobi,Night,OP-N05,NBI-P03,407.4,23.2,1,215,brief_equipment_fault
MO-20260327-MOM-D,27/03/2026,Mombasa,Day,OP-M01,MBA-P02,941.6,33.4,0,217,none
MO-20260517-KIS-D,17/05/2026,Kisumu,Day,OP-K01,KSM-P03,1030.3,28.9,0,216,none
MO-20260927-MOM-N,27/09/2026,Mombasa,Night,OP-M04,MBA-P01,895.9,25.8,0,224,none
MO-20260213-MOM-D,13/02/2026,Mombasa,Day,OP-M01,MBA-P02,1125.3,32.1,0,216,none
MO-20260123-KIS-D,23/01/2026,Kisumu,Day,OP-K02,KSM-P01,891.3,27.7,0,225,none
MO-20260609-ELD-N,09/06/2026,Eldoret,Night,OP-E01,ELD-P02,1020.2,19.6,0,222,none
MO-20260327-NAI-D,27/03/2026,Nairobi,Day,OP-N01,NBI-P02,1049.3,27.0,0,214,none
MO-20260123-NAI-D,23/01/2026,Nairobi,Day,OP-N04,NBI-P04,1196.4,29.7,0,222,none
MO-20261204-NAI-D,04/12/2026,Nairobi,Day,OP-N01,NBI-P03,733.8,24.2,1,228,missed_maintenance
MO-20261029-KIS-D,29/10/2026,Kisumu,Day,OP-K03,KSM-P01,943.8,24.6,0,225,none
MO-20260312-MOM-N,12/03/2026,Mombasa,Night,OP-M03,MBA-P02,958.2,33.8,0,211,none
MO-20260114-KIS-D,14/01/2026,Kisumu,Day,OP-K01,KSM-P02,967.3,26.5,0,220,none
MO-20260222-NAI-D,22/02/2026,Nairobi,Day,OP-N03,NBI-P03,611.8,28.8,1,225,missed_maintenance
MO-20261208-ELD-D,08/12/2026,Eldoret,Day,OP-E03,ELD-P02,967.9,15.8,0,218,none
MO-20261214-NAI-D,14/12/2026,Nairobi,Day,OP-N04,NBI-P03,612.8,25.2,1,220,missed_maintenance
MO-20260717-MOM-D,17/07/2026,Mombasa,Day,OP-M02,MBA-P02,937.2,27.6,0,223,none
MO-20260622-NAI-N,22/06/2026,Nairobi,Night,OP-N04,NBI-P03,622.4,25.1,1,225,missed_maintenance
MO-20260802-NAI-N,02/08/2026,Nairobi,Night,OP-N03,NBI-P03,566.4,18.8,1,225,missed_maintenance
MO-20260330-ELD-N,30/03/2026,Eldoret,Night,OP-E02,ELD-P01,943.7,19.2,0,218,none
MO-20260926-ELD-N,26/09/2026,Eldoret,Night,OP-E02,ELD-P02,910.7,14.9,0,213,none
MO-20260913-NAI-N,13/09/2026,Nairobi,Night,OP-N01,NBI-P03,548.3,21.2,1,213,missed_maintenance
MO-20260325-ELD-N,25/03/2026,Eldoret,Night,OP-E01,ELD-P01,1003.7,25.8,0,223,none
MO-20260609-KIS-N,09/06/2026,Kisumu,Night,OP-K01,KSM-P03,978.0,27.5,0,224,none
MO-20260414-NAI-D,14/04/2026,Nairobi,Day,OP-N01,NBI-P03,618.0,29.2,1,218,missed_maintenance
MO-20260808-MOM-N,08/08/2026,Mombasa,Night,OP-M01,MBA-P01,981.0,28.3,0,211,none
MO-20260329-KIS-D,29/03/2026,Kisumu,Day,OP-K03,KSM-P03,1043.0,27.7,0,214,none
MO-20261124-NAI-D,24/11/2026,Nairobi,Day,OP-N03,NBI-P03,616.8,23.0,1,226,missed_maintenance
MO-20261009-ELD-D,09/10/2026,Eldoret,Day,OP-E03,ELD-P01,954.2,15.6,0,229,none
MO-20260411-NAI-N,11/04/2026,Nairobi,Night,OP-N02,NBI-P01,1049.7,28.6,0,214,none
MO-20261204-NAI-N,04/12/2026,Nairobi,Night,OP-N02,NBI-P03,630.7,23.7,1,224,missed_maintenance
MO-20261014-MOM-D,14/10/2026,Mombasa,Day,OP-M02,MBA-P03,973.0,26.5,0,216,none
MO-20260126-KIS-N,26/01/2026,Kisumu,Night,OP-K02,KSM-P03,1029.2,29.0,0,217,none
MO-20261110-NAI-N,10/11/2026,Nairobi,Night,OP-N05,NBI-P01,908.4,21.0,0,216,none
MO-20261124-ELD-N,24/11/2026,Eldoret,Night,OP-E03,ELD-P01,930.8,17.6,0,213,none
MO-20260516-MOM-N,16/05/2026,Mombasa,Night,OP-M03,MBA-P01,1026.9,35.1,0,216,none
MO-20260814-MOM-N,14/08/2026,Mombasa,Night,OP-M02,MBA-P02,953.9,24.7,0,212,none
MO-20260306-KIS-N,06/03/2026,Kisumu,Night,OP-K01,KSM-P01,989.1,32.8,0,206,none
MO-20260214-MOM-N,14/02/2026,Mombasa,Night,OP-M03,MBA-P03,925.9,32.1,0,212,none
MO-20261213-KIS-D,13/12/2026,Kisumu,Day,OP-K03,KSM-P02,1055.8,27.2,0,219,none
MO-20260601-KIS-N,01/06/2026,Kisumu,Night,OP-K01,KSM-P02,551.7,27.5,0,218,operator_blunder
MO-20260118-KIS-N,18/01/2026,Kisumu,Night,OP-K03,KSM-P03,840.9,30.3,0,225,none
MO-20260515-MOM-D,15/05/2026,Mombasa,Day,OP-M03,MBA-P01,1010.4,34.4,0,228,none
MO-20260504-NAI-N,04/05/2026,Nairobi,Night,OP-N01,NBI-P03,594.7,22.9,1,214,missed_maintenance
MO-20260929-MOM-D,29/09/2026,Mombasa,Day,OP-M03,MBA-P02,922.8,27.3,0,222,none
MO-20260829-MOM-D,29/08/2026,Mombasa,Day,OP-M04,MBA-P02,1007.4,28.0,0,220,none
MO-20260519-KIS-D,19/05/2026,Kisumu,Day,OP-K01,KSM-P03,1022.7,26.7,0,224,none
MO-20260318-KIS-D,18/03/2026,Kisumu,Day,OP-K02,KSM-P02,1034.6,30.7,0,233,none
MO-20260729-KIS-N,29/07/2026,Kisumu,Night,OP-K01,KSM-P02,969.7,26.3,0,224,none
MO-20260813-ELD-D,13/08/2026,Eldoret,Day,OP-E02,ELD-P02,972.9,12.7,0,223,none
MO-20260911-KIS-D,11/09/2026,Kisumu,Day,OP-K01,KSM-P03,1083.3,22.5,0,225,none
MO-20260315-KIS-N,15/03/2026,Kisumu,Night,OP-K03,KSM-P02,1076.1,33.3,0,214,none
MO-20260801-KIS-D,01/08/2026,Kisumu,Day,OP-K02,KSM-P01,991.5,27.7,0,228,none
MO-20260813-MOM-D,13/08/2026,Mombasa,Day,OP-M04,MBA-P01,963.6,26.8,0,223,none
MO-20261106-NAI-N,06/11/2026,Nairobi,Night,OP-N01,NBI-P03,690.3,19.7,1,211,missed_maintenance
MO-20260522-ELD-N,22/05/2026,Eldoret,Night,OP-E02,ELD-P03,954.2,23.7,0,215,none
MO-20261201-KIS-N,01/12/2026,Kisumu,Night,OP-K02,KSM-P01,1010.5,23.9,0,217,none
MO-20260702-KIS-N,02/07/2026,Kisumu,Night,OP-K02,KSM-P03,1120.9,28.4,0,224,none
MO-20260502-KIS-D,02/05/2026,Kisumu,Day,OP-K03,KSM-P03,1046.5,28.1,0,229,none
MO-20260201-ELD-N,01/02/2026,Eldoret,Night,OP-E01,ELD-P02,927.5,23.0,0,227,none
MO-20260403-NAI-D,03/04/2026,Nairobi,Day,OP-N01,NBI-P03,580.1,26.1,1,229,missed_maintenance
MO-20260125-ELD-N,25/01/2026,Eldoret,Night,OP-E01,ELD-P01,911.1,24.9,0,217,none
MO-20260825-KIS-D,25/08/2026,Kisumu,Day,OP-K02,KSM-P01,1088.5,24.7,0,230,none
MO-20261230-NAI-D,30/12/2026,Nairobi,Day,OP-N05,NBI-P03,733.9,24.7,1,224,missed_maintenance
MO-20261011-ELD-N,11/10/2026,Eldoret,Night,OP-E01,ELD-P02,854.9,15.3,0,221,none
MO-20260619-MOM-N,19/06/2026,Mombasa,Night,OP-M01,MBA-P02,1043.4,32.0,0,212,none
MO-20260812-ELD-D,12/08/2026,Eldoret,Day,OP-E01,ELD-P03,914.4,15.0,0,226,none
MO-20261213-NAI-N,13/12/2026,Nairobi,Night,OP-N04,NBI-P03,589.2,26.0,1,206,missed_maintenance
MO-20260305-ELD-D,05/03/2026,Eldoret,Day,OP-E02,ELD-P03,862.9,24.2,0,223,none
MO-20260917-MOM-N,17/09/2026,Mombasa,Night,OP-M02,MBA-P01,958.5,25.8,0,214,none
MO-20261202-ELD-N,02/12/2026,Eldoret,Night,OP-E03,ELD-P01,861.7,15.1,0,198,none
MO-20261104-KIS-D,04/11/2026,Kisumu,Day,OP-K01,KSM-P01,1000.7,24.7,0,221,none
MO-20260102-ELD-N,02/01/2026,Eldoret,Night,OP-E03,ELD-P01,864.6,20.6,0,213,none
MO-20260318-ELD-D,18/03/2026,Eldoret,Day,OP-E03,ELD-P01,940.0,23.6,0,226,none
MO-20260627-ELD-D,27/06/2026,Eldoret,Day,OP-E02,ELD-P02,1023.5,19.3,0,227,none
MO-20260504-MOM-N,04/05/2026,Mombasa,Night,OP-M01,MBA-P01,1049.1,29.7,0,220,none
MO-20260410-NAI-N,10/04/2026,Nairobi,Night,OP-N03,NBI-P03,705.1,28.8,1,218,missed_maintenance
MO-20260222-MOM-D,22/02/2026,Mombasa,Day,OP-M03,MBA-P02,1126.8,33.0,0,213,none
MO-20260423-MOM-N,23/04/2026,Mombasa,Night,OP-M04,MBA-P03,1023.4,35.6,0,227,none
MO-20260217-NAI-D,17/02/2026,Nairobi,Day,OP-N04,NBI-P03,629.5,27.4,1,225,missed_maintenance
MO-20261005-MOM-N,05/10/2026,Mombasa,Night,OP-M02,MBA-P03,949.2,23.5,0,226,none
MO-20260531-NAI-N,31/05/2026,Nairobi,Night,OP-N01,NBI-P03,571.1,26.5,1,221,missed_maintenance
MO-20260308-ELD-N,08/03/2026,Eldoret,Night,OP-E01,ELD-P02,1017.7,23.4,0,210,none
MO-20260228-MOM-D,28/02/2026,Mombasa,Day,OP-M01,MBA-P03,964.8,37.1,0,223,none
MO-20260511-ELD-N,11/05/2026,Eldoret,Night,OP-E02,ELD-P02,990.8,24.5,0,223,none
MO-20260627-KIS-N,27/06/2026,Kisumu,Night,OP-K02,KSM-P03,930.9,27.1,0,219,none
MO-20260505-NAI-D,05/05/2026,Nairobi,Day,OP-N03,NBI-P04,1055.3,26.2,0,219,none
MO-20260916-ELD-N,16/09/2026,Eldoret,Night,OP-E02,ELD-P01,898.8,12.8,0,213,none
MO-20260329-NAI-N,29/03/2026,Nairobi,Night,OP-N04,NBI-P03,579.6,29.3,1,220,missed_maintenance
MO-20261101-MOM-N,01/11/2026,Mombasa,Night,OP-M01,MBA-P01,970.2,28.6,0,219,none
MO-20260610-MOM-D,10/06/2026,Mombasa,Day,OP-M02,MBA-P01,950.2,32.6,0,227,none
MO-20261009-KIS-D,09/10/2026,Kisumu,Day,OP-K02,KSM-P01,957.4,26.1,0,205,none
MO-20260117-KIS-D,17/01/2026,Kisumu,Day,OP-K03,KSM-P03,1076.0,28.7,0,215,none
MO-20260426-NAI-N,26/04/2026,Nairobi,Night,OP-N01,NBI-P03,666.4,28.3,1,212,missed_maintenance
MO-20261105-ELD-N,05/11/2026,Eldoret,Night,OP-E02,ELD-P03,905.0,17.1,0,210,none
MO-20260104-KIS-D,04/01/2026,Kisumu,Day,OP-K01,KSM-P03,1047.5,27.9,0,224,none
MO-20261219-NAI-N,19/12/2026,Nairobi,Night,OP-N04,NBI-P03,636.7,24.3,1,224,missed_maintenance
MO-20260719-MOM-N,19/07/2026,Mombasa,Night,OP-M03,MBA-P02,1044.5,29.2,0,229,none
MO-20260523-ELD-N,23/05/2026,Eldoret,Night,OP-E03,ELD-P02,973.9,21.9,0,228,none
MO-20260415-KIS-D,15/04/2026,Kisumu,Day,OP-K03,KSM-P03,1069.6,30.3,0,233,none
MO-20260815-KIS-D,15/08/2026,Kisumu,Day,OP-K03,KSM-P03,959.5,25.2,0,229,none
MO-20261030-MOM-N,30/10/2026,Mombasa,Night,OP-M01,MBA-P02,1000.8,27.3,0,212,none
MO-20260820-NAI-D,20/08/2026,Nairobi,Day,OP-N05,NBI-P03,574.6,19.6,1,226,missed_maintenance
MO-20260117-ELD-D,17/01/2026,Eldoret,Day,OP-E01,ELD-P01,997.1,22.7,0,232,none
MO-20261105-MOM-N,05/11/2026,Mombasa,Night,OP-M04,MBA-P01,875.6,30.7,0,213,none
MO-20260321-ELD-N,21/03/2026,Eldoret,Night,OP-E01,ELD-P02,893.5,23.7,0,214,none
MO-20260518-KIS-D,18/05/2026,Kisumu,Day,OP-K01,KSM-P01,1090.2,27.7,0,215,none
MO-20261121-MOM-D,21/11/2026,Mombasa,Day,OP-M02,MBA-P02,1039.9,29.1,0,228,none
MO-20261228-ELD-N,28/12/2026,Eldoret,Night,OP-E01,ELD-P03,872.0,17.3,0,225,none
MO-20260814-MOM-D,14/08/2026,Mombasa,Day,OP-M02,MBA-P03,1096.1,26.3,0,227,none
MO-20260524-MOM-N,24/05/2026,Mombasa,Night,OP-M04,MBA-P02,990.3,33.9,0,218,none
MO-20260104-ELD-D,04/01/2026,Eldoret,Day,OP-E02,ELD-P03,1080.4,22.2,0,235,none
MO-20260323-ELD-D,23/03/2026,Eldoret,Day,OP-E02,ELD-P03,986.8,24.4,0,231,none
MO-20260502-ELD-N,02/05/2026,Eldoret,Night,OP-E03,ELD-P02,952.3,20.4,0,222,none
MO-20260520-NAI-N,20/05/2026,Nairobi,Night,OP-N02,NBI-P03,639.1,28.1,1,215,missed_maintenance
MO-20260807-KIS-N,07/08/2026,Kisumu,Night,OP-K01,KSM-P03,973.7,23.3,0,224,none
MO-20260912-NAI-D,12/09/2026,Nairobi,Day,OP-N03,NBI-P02,1105.7,17.6,0,218,none
MO-20260628-NAI-D,28/06/2026,Nairobi,Day,OP-N05,NBI-P03,753.9,23.2,1,222,missed_maintenance
MO-20261123-KIS-D,23/11/2026,Kisumu,Day,OP-K02,KSM-P02,1047.4,25.7,0,232,none
MO-20260323-NAI-D,23/03/2026,Nairobi,Day,OP-N04,NBI-P03,634.6,29.0,1,227,missed_maintenance
MO-20261010-KIS-D,10/10/2026,Kisumu,Day,OP-K03,KSM-P03,1004.2,23.7,0,219,none
MO-20261119-KIS-N,19/11/2026,Kisumu,Night,OP-K03,KSM-P03,934.9,26.4,0,222,none
MO-20260707-MOM-D,07/07/2026,Mombasa,Day,OP-M02,MBA-P02,1027.8,28.9,0,228,none
MO-20260610-KIS-D,10/06/2026,Kisumu,Day,OP-K01,KSM-P01,1017.5,27.6,0,222,none
MO-20260516-ELD-N,16/05/2026,Eldoret,Night,OP-E03,ELD-P02,995.8,16.9,0,231,none
MO-20261209-MOM-N,09/12/2026,Mombasa,Night,OP-M03,MBA-P02,964.9,29.4,0,232,none
MO-20261012-KIS-N,12/10/2026,Kisumu,Night,OP-K03,KSM-P03,945.5,24.2,0,215,none
MO-20261006-KIS-N,06/10/2026,Kisumu,Night,OP-K02,KSM-P01,892.2,21.3,0,220,none
MO-20260706-NAI-D,06/07/2026,Nairobi,Day,OP-N04,NBI-P03,637.8,22.4,1,215,missed_maintenance
MO-20260811-ELD-N,11/08/2026,Eldoret,Night,OP-E02,ELD-P01,837.3,14.9,0,207,none
MO-20260815-ELD-D,15/08/2026,Eldoret,Day,OP-E03,ELD-P03,973.5,12.4,0,218,none
MO-20260707-KIS-D,07/07/2026,Kisumu,Day,OP-K01,KSM-P02,1040.4,25.2,0,227,none
MO-20260518-ELD-N,18/05/2026,Eldoret,Night,OP-E02,ELD-P01,1005.9,22.0,0,225,none
MO-20260715-ELD-N,15/07/2026,Eldoret,Night,OP-E02,ELD-P02,966.5,16.3,0,221,none
MO-20261226-KIS-D,26/12/2026,Kisumu,Day,OP-K02,KSM-P01,900.5,27.9,0,220,none
MO-20261011-KIS-N,11/10/2026,Kisumu,Night,OP-K02,KSM-P01,910.7,24.2,0,219,none
MO-20260412-NAI-N,12/04/2026,Nairobi,Night,OP-N05,NBI-P01,946.9,27.9,0,221,none
MO-20260121-KIS-N,21/01/2026,Kisumu,Night,OP-K01,KSM-P01,974.0,31.2,0,216,none
MO-20261019-MOM-D,19/10/2026,Mombasa,Day,OP-M03,MBA-P01,979.1,29.0,0,225,none
MO-20260924-KIS-N,24/09/2026,Kisumu,Night,OP-K01,KSM-P01,919.2,22.6,0,215,none
MO-20260921-ELD-N,21/09/2026,Eldoret,Night,OP-E01,ELD-P03,612.4,15.4,0,223,brief_equipment_fault
MO-20260614-KIS-D,14/06/2026,Kisumu,Day,OP-K02,KSM-P03,918.3,27.2,0,223,none
MO-20261202-NAI-D,02/12/2026,Nairobi,Day,OP-N05,NBI-P03,542.0,22.5,1,217,missed_maintenance
MO-20260929-ELD-N,29/09/2026,Eldoret,Night,OP-E01,ELD-P03,871.2,15.2,0,209,none
MO-20260610-ELD-D,10/06/2026,Eldoret,Day,OP-E02,ELD-P02,1120.6,17.7,0,228,none
MO-20260519-MOM-N,19/05/2026,Mombasa,Night,OP-M03,MBA-P02,1110.1,28.9,0,222,none
MO-20260204-MOM-N,04/02/2026,Mombasa,Night,OP-M03,MBA-P03,950.1,36.3,0,215,none
MO-20260917-ELD-D,17/09/2026,Eldoret,Day,OP-E02,ELD-P01,969.9,12.2,0,227,none
MO-20260410-MOM-D,10/04/2026,Mombasa,Day,OP-M01,MBA-P01,1166.4,32.9,0,213,none
MO-20260724-NAI-N,24/07/2026,Nairobi,Night,OP-N05,NBI-P04,1066.0,23.8,0,203,none
MO-20260806-MOM-D,06/08/2026,Mombasa,Day,OP-M01,MBA-P03,1021.0,28.4,0,207,none
MO-20260715-KIS-D,15/07/2026,Kisumu,Day,OP-K02,KSM-P03,1077.1,21.9,0,216,none
MO-20260426-MOM-D,26/04/2026,Mombasa,Day,OP-M04,MBA-P03,1037.2,32.4,0,211,none
MO-20261113-MOM-N,13/11/2026,Mombasa,Night,OP-M03,MBA-P01,994.5,27.8,0,211,none
MO-20260406-KIS-N,06/04/2026,Kisumu,Night,OP-K01,KSM-P02,1097.1,29.8,0,214,none
MO-20261105-KIS-N,05/11/2026,Kisumu,Night,OP-K03,KSM-P01,998.3,21.9,0,218,none
MO-20260517-NAI-N,17/05/2026,Nairobi,Night,OP-N01,NBI-P03,659.4,26.8,1,217,missed_maintenance
MO-20261212-MOM-N,12/12/2026,Mombasa,Night,OP-M01,MBA-P03,1001.4,33.7,0,213,none
MO-20261110-ELD-N,10/11/2026,Eldoret,Night,OP-E02,ELD-P01,880.9,21.0,0,219,none
MO-20260416-ELD-N,16/04/2026,Eldoret,Night,OP-E02,ELD-P03,875.0,20.5,0,217,none
MO-20260722-KIS-D,22/07/2026,Kisumu,Day,OP-K01,KSM-P01,910.3,23.5,0,228,none
MO-20260101-MOM-N,01/01/2026,Mombasa,Night,OP-M03,MBA-P02,939.8,30.5,0,211,none
MO-20260524-NAI-D,24/05/2026,Nairobi,Day,OP-N01,NBI-P03,744.4,25.5,1,224,missed_maintenance
MO-20260106-KIS-N,06/01/2026,Kisumu,Night,OP-K02,KSM-P03,831.8,27.2,0,223,none
MO-20261211-ELD-N,11/12/2026,Eldoret,Night,OP-E01,ELD-P02,881.0,19.6,0,219,none
MO-20260713-NAI-D,13/07/2026,Nairobi,Day,OP-N05,NBI-P03,679.0,20.9,1,223,missed_maintenance
MO-20260301-ELD-N,01/03/2026,Eldoret,Night,OP-E03,ELD-P03,903.1,22.4,0,222,none
MO-20260318-MOM-D,18/03/2026,Mombasa,Day,OP-M02,MBA-P02,1034.4,33.9,0,215,none
MO-20260215-ELD-D,15/02/2026,Eldoret,Day,OP-E02,ELD-P01,1062.9,21.9,0,223,none
MO-20260126-ELD-D,26/01/2026,Eldoret,Day,OP-E01,ELD-P02,990.1,22.3,0,214,none
MO-20261119-MOM-N,19/11/2026,Mombasa,Night,OP-M02,MBA-P02,981.1,28.9,0,224,none
MO-20260924-NAI-D,24/09/2026,Nairobi,Day,OP-N05,NBI-P04,1020.3,20.1,0,224,none
MO-20260703-ELD-D,03/07/2026,Eldoret,Day,OP-E03,ELD-P03,998.1,20.3,0,217,none
MO-20260216-KIS-D,16/02/2026,Kisumu,Day,OP-K01,KSM-P02,1096.7,33.3,0,219,none
MO-20260415-ELD-D,15/04/2026,Eldoret,Day,OP-E03,ELD-P02,1013.4,19.8,0,222,none
MO-20260311-ELD-N,11/03/2026,Eldoret,Night,OP-E03,ELD-P03,848.5,27.6,0,214,none
MO-20260717-NAI-N,17/07/2026,Nairobi,Night,OP-N05,NBI-P03,567.3,21.3,1,226,missed_maintenance
MO-20261113-NAI-N,13/11/2026,Nairobi,Night,OP-N02,NBI-P03,665.5,23.0,1,224,missed_maintenance
MO-20260104-NAI-D,04/01/2026,Nairobi,Day,OP-N02,NBI-P03,1138.5,26.3,0,220,none
MO-20260809-ELD-D,09/08/2026,Eldoret,Day,OP-E03,ELD-P01,1077.4,17.0,0,215,none
MO-20261202-ELD-D,02/12/2026,Eldoret,Day,OP-E02,ELD-P02,992.4,15.1,0,224,none
MO-20260701-NAI-N,01/07/2026,Nairobi,Night,OP-N03,NBI-P03,707.5,20.0,1,211,missed_maintenance
MO-20261005-KIS-D,05/10/2026,Kisumu,Day,OP-K01,KSM-P02,949.2,21.3,0,220,none
MO-20260906-ELD-N,06/09/2026,Eldoret,Night,OP-E03,ELD-P02,860.3,15.3,0,229,none
MO-20260409-KIS-D,09/04/2026,Kisumu,Day,OP-K01,KSM-P03,977.4,28.8,0,225,none
MO-20260725-KIS-N,25/07/2026,Kisumu,Night,OP-K01,KSM-P02,820.6,23.9,0,214,none
MO-20260517-ELD-N,17/05/2026,Eldoret,Night,OP-E03,ELD-P02,964.8,20.1,0,219,none
MO-20260813-NAI-N,13/08/2026,Nairobi,Night,OP-N04,NBI-P03,628.1,17.6,1,230,missed_maintenance
MO-20260227-NAI-N,27/02/2026,Nairobi,Night,OP-N04,NBI-P03,528.4,28.8,1,221,missed_maintenance
MO-20260616-KIS-N,16/06/2026,Kisumu,Night,OP-K03,KSM-P02,1002.8,25.9,0,217,none
MO-20260903-ELD-D,03/09/2026,Eldoret,Day,OP-E01,ELD-P02,1016.9,15.9,0,233,none
MO-20260627-NAI-D,27/06/2026,Nairobi,Day,OP-N04,NBI-P03,676.4,21.6,1,216,missed_maintenance
MO-20260605-ELD-N,05/06/2026,Eldoret,Night,OP-E01,ELD-P02,807.2,23.2,0,218,none
MO-20260804-ELD-D,04/08/2026,Eldoret,Day,OP-E02,ELD-P03,993.4,15.6,0,222,none
MO-20260816-MOM-N,16/08/2026,Mombasa,Night,,MBA-P03,1031.7,24.2,0,216,none
MO-20260611-MOM-N,11/06/2026,Mombasa,Night,OP-M04,MBA-P01,1037.9,27.2,0,218,none
MO-20260710-ELD-D,10/07/2026,Eldoret,Day,OP-E02,ELD-P01,991.1,17.6,0,213,none
MO-20261119-ELD-N,19/11/2026,Eldoret,Night,OP-E02,ELD-P02,990.5,18.4,0,219,none
MO-20260924-NAI-N,24/09/2026,Nairobi,Night,OP-N05,NBI-P03,650.1,21.0,1,216,missed_maintenance
MO-20261004-MOM-D,04/10/2026,Mombasa,Day,OP-M03,MBA-P03,1020.7,24.3,0,225,none
MO-20260503-NAI-N,03/05/2026,Nairobi,Night,OP-N01,NBI-P03,662.3,30.1,1,224,missed_maintenance
MO-20260510-KIS-N,10/05/2026,Kisumu,Night,OP-K02,KSM-P02,1006.6,27.5,0,212,none
MO-20260504-ELD-N,04/05/2026,Eldoret,Night,OP-E03,ELD-P03,1018.8,19.7,0,218,none
MO-20260527-NAI-D,27/05/2026,Nairobi,Day,OP-N03,NBI-P03,652.0,23.5,1,222,missed_maintenance
MO-20261127-KIS-N,27/11/2026,Kisumu,Night,OP-K03,KSM-P03,987.6,27.4,0,221,none
MO-20260714-KIS-N,14/07/2026,Kisumu,Night,OP-K03,KSM-P01,1009.2,26.7,0,215,none
MO-20260319-ELD-D,19/03/2026,Eldoret,Day,OP-E01,ELD-P03,1036.1,26.0,0,222,none
MO-20261201-NAI-D,01/12/2026,Nairobi,Day,OP-N05,NBI-P03,688.4,25.0,1,226,missed_maintenance
MO-20260115-KIS-N,15/01/2026,Kisumu,Night,OP-K01,KSM-P03,1043.6,27.8,0,221,none
MO-20260509-KIS-N,09/05/2026,Kisumu,Night,OP-K02,KSM-P03,946.4,30.0,0,216,none
MO-20260703-NAI-N,03/07/2026,Nairobi,Night,OP-N01,NBI-P03,577.5,23.8,1,225,missed_maintenance
MO-20260202-NAI-D,02/02/2026,Nairobi,Day,OP-N02,NBI-P03,584.6,27.4,1,226,missed_maintenance
MO-20260116-ELD-D,16/01/2026,Eldoret,Day,OP-E03,ELD-P02,990.7,20.9,0,220,none
MO-20260604-KIS-N,04/06/2026,Kisumu,Night,,KSM-P03,973.4,27.5,0,220,none
MO-20260806-NAI-N,06/08/2026,Nairobi,Night,OP-N02,NBI-P03,570.4,19.8,1,222,missed_maintenance
MO-20260509-ELD-D,09/05/2026,Eldoret,Day,OP-E01,ELD-P02,950.1,23.4,0,234,none
MO-20260614-NAI-D,14/06/2026,Nairobi,Day,OP-N01,NBI-P03,716.7,22.6,1,219,missed_maintenance
MO-20260617-NAI-N,17/06/2026,Nairobi,Night,OP-N04,NBI-P04,908.3,22.0,0,210,none
MO-20261008-ELD-N,08/10/2026,Eldoret,Night,OP-E02,ELD-P03,930.3,15.8,0,226,none
MO-20261027-ELD-N,27/10/2026,Eldoret,Night,OP-E01,ELD-P02,994.4,19.1,0,221,none
MO-20260425-MOM-N,25/04/2026,Mombasa,Night,OP-M01,MBA-P01,1008.5,34.1,0,219,none
MO-20260418-MOM-D,18/04/2026,Mombasa,Day,OP-M01,MBA-P02,1079.4,36.2,0,215,none
MO-20260524-KIS-N,24/05/2026,Kisumu,Night,OP-K01,KSM-P01,1057.0,26.3,0,232,none
MO-20260801-MOM-N,01/08/2026,Mombasa,Night,OP-M03,MBA-P01,954.8,26.6,0,217,none
MO-20260309-MOM-D,09/03/2026,Mombasa,Day,OP-M03,MBA-P02,1103.7,38.0,0,239,none
MO-20260221-ELD-N,21/02/2026,Eldoret,Night,OP-E01,ELD-P01,937.4,23.0,0,224,none
MO-20260224-ELD-D,24/02/2026,Eldoret,Day,OP-E01,ELD-P01,949.1,21.6,0,214,none
MO-20261214-ELD-D,14/12/2026,Eldoret,Day,OP-E02,ELD-P02,998.4,14.0,0,218,none
MO-20260525-ELD-D,25/05/2026,Eldoret,Day,OP-E01,ELD-P03,1018.5,19.9,0,223,none
MO-20260515-MOM-N,15/05/2026,Mombasa,Night,OP-M03,MBA-P01,1059.0,32.4,0,224,none
MO-20260824-ELD-D,24/08/2026,Eldoret,Day,OP-E02,ELD-P03,958.8,18.1,0,218,none
MO-20260620-NAI-D,20/06/2026,Nairobi,Day,OP-N01,NBI-P03,621.8,24.8,1,220,missed_maintenance
MO-20261114-KIS-N,14/11/2026,Kisumu,Night,OP-K02,KSM-P02,1044.0,23.4,0,214,none
MO-20261018-MOM-N,18/10/2026,Mombasa,Night,OP-M01,MBA-P02,967.4,24.0,0,224,none
MO-20261021-MOM-N,21/10/2026,Mombasa,Night,OP-M04,MBA-P02,1032.3,27.4,0,216,none
MO-20260113-NAI-N,13/01/2026,Nairobi,Night,OP-N01,NBI-P02,981.7,26.6,0,216,none
MO-20260925-ELD-N,25/09/2026,Eldoret,Night,OP-E01,ELD-P03,914.4,16.2,0,220,none
MO-20261123-MOM-N,23/11/2026,Mombasa,Night,OP-M03,MBA-P02,1018.5,31.5,0,213,none
MO-20260129-MOM-D,29/01/2026,Mombasa,Day,OP-M04,MBA-P03,1076.9,34.3,0,222,none
MO-20260929-KIS-N,29/09/2026,Kisumu,Night,OP-K03,KSM-P02,1034.9,23.8,0,225,none
MO-20260425-NAI-N,25/04/2026,Nairobi,Night,OP-N02,NBI-P03,631.7,30.1,1,227,missed_maintenance
MO-20261114-ELD-N,14/11/2026,Eldoret,Night,OP-E03,ELD-P01,971.8,18.6,0,214,none
MO-20260803-NAI-N,03/08/2026,Nairobi,Night,OP-N02,NBI-P03,675.3,20.0,1,221,missed_maintenance
MO-20261117-MOM-D,17/11/2026,Mombasa,Day,OP-M03,MBA-P01,973.4,30.0,0,225,none
MO-20261117-KIS-D,17/11/2026,Kisumu,Day,OP-K01,KSM-P02,921.7,23.0,0,237,none
MO-20261023-MOM-N,23/10/2026,Mombasa,Night,OP-M02,MBA-P03,963.3,28.3,0,224,none
MO-20260528-KIS-N,28/05/2026,Kisumu,Night,OP-K01,KSM-P03,900.1,27.5,0,221,none
MO-20260308-MOM-D,08/03/2026,Mombasa,Day,OP-M04,MBA-P02,940.6,36.4,0,213,none
MO-20260623-NAI-D,23/06/2026,Nairobi,Day,OP-N02,NBI-P02,1109.6,24.0,0,214,none
MO-20261028-KIS-D,28/10/2026,Kisumu,Day,OP-K01,KSM-P03,884.9,26.4,0,232,none
MO-20260316-MOM-D,16/03/2026,Mombasa,Day,OP-M04,MBA-P01,1040.4,35.6,0,222,none
MO-20260723-MOM-N,23/07/2026,Mombasa,Night,OP-M01,MBA-P02,1023.7,29.9,0,226,none
MO-20260307-KIS-N,07/03/2026,Kisumu,Night,OP-K03,KSM-P03,834.6,30.2,0,217,none
MO-20260514-KIS-D,14/05/2026,Kisumu,Day,OP-K01,KSM-P01,1028.5,28.7,0,212,none
MO-20261216-ELD-N,16/12/2026,Eldoret,Night,OP-E01,ELD-P02,899.1,21.2,0,232,none
MO-20260422-MOM-D,22/04/2026,Mombasa,Day,OP-M03,MBA-P02,1131.5,33.3,0,230,none
MO-20260718-NAI-N,18/07/2026,Nairobi,Night,OP-N02,NBI-P03,541.7,19.6,1,217,missed_maintenance
MO-20260611-ELD-D,11/06/2026,Eldoret,Day,OP-E02,ELD-P01,1070.0,21.6,0,218,none
MO-20260115-MOM-N,15/01/2026,Mombasa,Night,OP-M04,MBA-P03,1099.1,34.8,0,222,none
MO-20261120-ELD-N,20/11/2026,Eldoret,Night,OP-E02,ELD-P01,876.6,14.8,0,209,none
MO-20260212-NAI-N,12/02/2026,Nairobi,Night,OP-N02,NBI-P02,1069.0,28.4,0,226,none
MO-20260302-MOM-D,02/03/2026,Mombasa,Day,OP-M03,MBA-P01,762.7,35.2,0,211,operator_blunder
MO-20260928-NAI-N,28/09/2026,Nairobi,Night,OP-N03,NBI-P03,566.6,17.2,1,219,missed_maintenance
MO-20260201-KIS-N,01/02/2026,Kisumu,Night,OP-K02,KSM-P03,1007.2,29.4,0,222,none
MO-20260209-ELD-N,09/02/2026,Eldoret,Night,OP-E02,ELD-P03,997.5,23.7,0,224,none
MO-20260205-MOM-N,05/02/2026,Mombasa,Night,OP-M01,MBA-P01,991.9,30.7,0,225,none
MO-20260918-NAI-N,18/09/2026,Nairobi,Night,OP-N03,NBI-P03,613.2,19.4,1,229,missed_maintenance
MO-20260731-NAI-D,31/07/2026,Nairobi,Day,OP-N02,NBI-P01,1053.8,21.5,0,221,none
MO-20260427-NAI-N,27/04/2026,Nairobi,Night,OP-N02,NBI-P03,641.9,26.7,1,215,missed_maintenance
MO-20260707-NAI-D,07/07/2026,Nairobi,Day,OP-N02,NBI-P03,630.2,23.3,1,223,missed_maintenance
MO-20260826-NAI-N,26/08/2026,Nairobi,Night,OP-N01,NBI-P03,495.6,17.2,1,221,missed_maintenance
MO-20261215-ELD-N,15/12/2026,Eldoret,Night,OP-E01,ELD-P01,955.0,20.9,0,218,none
MO-20260502-NAI-N,02/05/2026,Nairobi,Night,OP-N02,NBI-P03,588.5,22.7,1,219,missed_maintenance
MO-20261211-KIS-N,11/12/2026,Kisumu,Night,OP-K01,KSM-P01,929.9,27.1,0,213,none
MO-20261120-KIS-D,20/11/2026,Kisumu,Day,OP-K01,KSM-P02,999.8,24.4,0,221,none
MO-20260811-NAI-D,11/08/2026,Nairobi,Day,OP-N04,NBI-P03,591.0,20.4,1,232,missed_maintenance
MO-20260910-KIS-D,10/09/2026,Kisumu,Day,OP-K01,KSM-P01,989.9,21.2,0,227,none
MO-20260927-KIS-D,27/09/2026,Kisumu,Day,OP-K02,KSM-P02,926.5,23.5,0,236,none
MO-20261204-ELD-D,04/12/2026,Eldoret,Day,OP-E01,ELD-P02,1018.1,17.5,0,220,none
MO-20260118-MOM-N,18/01/2026,Mombasa,Night,OP-M03,MBA-P03,961.9,32.6,0,216,none
MO-20261025-ELD-D,25/10/2026,Eldoret,Day,OP-E01,ELD-P01,1028.2,16.4,0,227,none
MO-20260126-NAI-N,26/01/2026,Nairobi,Night,OP-N01,NBI-P01,1044.5,28.2,0,212,none
MO-20260117-NAI-D,17/01/2026,Nairobi,Day,OP-N04,NBI-P02,1096.6,28.9,0,218,none
MO-20260513-MOM-N,13/05/2026,Mombasa,Night,OP-M04,MBA-P03,1020.9,31.6,0,210,none
MO-20260119-MOM-D,19/01/2026,Mombasa,Day,OP-M01,MBA-P02,1126.1,33.2,0,218,none
MO-20260418-KIS-N,18/04/2026,Kisumu,Night,OP-K02,KSM-P02,967.8,30.8,0,213,none
MO-20260511-KIS-N,11/05/2026,Kisumu,Night,OP-K02,KSM-P02,804.3,26.6,0,218,none
MO-20260415-NAI-D,15/04/2026,Nairobi,Day,OP-N03,NBI-P03,394.7,28.8,1,224,brief_equipment_fault
MO-20260922-KIS-D,22/09/2026,Kisumu,Day,OP-K01,KSM-P01,962.3,21.3,0,219,none
MO-20260225-KIS-N,25/02/2026,Kisumu,Night,OP-K02,KSM-P01,1142.8,27.6,0,219,none
MO-20261103-ELD-D,03/11/2026,Eldoret,Day,OP-E01,ELD-P01,1017.8,15.9,0,222,none
MO-20261014-MOM-N,14/10/2026,Mombasa,Night,OP-M02,MBA-P02,1069.9,27.8,0,227,none
MO-20260714-MOM-N,14/07/2026,Mombasa,Night,OP-M03,MBA-P02,957.3,27.2,0,220,none
MO-20260208-ELD-D,08/02/2026,Eldoret,Day,OP-E03,ELD-P01,1044.7,25.6,0,226,none
MO-20260925-NAI-N,25/09/2026,Nairobi,Night,OP-N02,NBI-P03,512.3,22.5,1,216,missed_maintenance
MO-20260802-NAI-D,02/08/2026,Nairobi,Day,OP-N01,NBI-P04,1017.1,21.4,0,230,none
MO-20260918-NAI-D,18/09/2026,Nairobi,Day,OP-N05,NBI-P03,670.6,17.2,1,233,missed_maintenance
MO-20260619-KIS-D,19/06/2026,Kisumu,Day,OP-K01,KSM-P02,1026.4,26.3,0,236,none
MO-20260923-ELD-D,23/09/2026,Eldoret,Day,OP-E03,ELD-P03,943.6,13.1,0,227,none
MO-20261112-MOM-D,12/11/2026,Mombasa,Day,OP-M01,MBA-P03,1024.1,29.8,0,214,none
MO-20260904-KIS-N,04/09/2026,Kisumu,Night,OP-K02,KSM-P02,946.0,21.9,0,224,none
MO-20260207-ELD-D,07/02/2026,Eldoret,Day,OP-E03,ELD-P03,909.7,20.4,0,208,none
MO-20261213-ELD-D,13/12/2026,Eldoret,Day,OP-E02,ELD-P03,1053.4,19.5,0,226,none
MO-20260822-MOM-D,22/08/2026,Mombasa,Day,OP-M04,MBA-P02,935.3,24.3,0,231,none
MO-20260509-NAI-D,09/05/2026,Nairobi,Day,OP-N05,NBI-P03,642.9,24.1,1,225,missed_maintenance
MO-20260423-ELD-N,23/04/2026,Eldoret,Night,OP-E03,ELD-P02,1050.7,22.7,0,226,none
MO-20260123-ELD-N,23/01/2026,Eldoret,Night,OP-E02,ELD-P02,935.7,18.7,0,224,none
MO-20260518-MOM-N,18/05/2026,Mombasa,Night,OP-M04,MBA-P02,971.9,32.6,0,222,none
MO-20260417-KIS-N,17/04/2026,Kisumu,Night,OP-K01,KSM-P03,856.4,32.9,0,209,none
MO-20261219-ELD-D,19/12/2026,Eldoret,Day,OP-E03,ELD-P03,979.2,19.9,0,227,none
MO-20260914-KIS-D,14/09/2026,Kisumu,Day,OP-K02,KSM-P02,943.6,22.0,0,216,none
MO-20260323-MOM-D,23/03/2026,Mombasa,Day,OP-M01,MBA-P03,1127.0,33.2,0,224,none
MO-20260609-NAI-D,09/06/2026,Nairobi,Day,OP-N02,NBI-P03,693.2,26.0,1,228,missed_maintenance
MO-20261222-NAI-D,22/12/2026,Nairobi,Day,OP-N04,NBI-P03,675.5,23.2,1,230,missed_maintenance
MO-20260828-NAI-D,28/08/2026,Nairobi,Day,OP-N04,NBI-P03,620.3,18.4,1,223,missed_maintenance
MO-20261108-KIS-D,08/11/2026,Kisumu,Day,OP-K02,KSM-P03,1070.7,30.0,0,221,none
MO-20261211-MOM-N,11/12/2026,Mombasa,Night,OP-M02,MBA-P02,932.7,30.0,0,224,none
MO-20260410-KIS-N,10/04/2026,Kisumu,Night,OP-K01,KSM-P03,991.1,29.2,0,232,none
MO-20260622-MOM-D,22/06/2026,Mombasa,Day,OP-M04,MBA-P03,1153.4,32.4,0,218,none
MO-20260210-MOM-N,10/02/2026,Mombasa,Night,OP-M01,MBA-P01,1092.2,32.2,0,220,none
MO-20260722-ELD-N,22/07/2026,Eldoret,Night,OP-E01,ELD-P03,823.8,13.1,0,224,none
MO-20260317-NAI-D,17/03/2026,Nairobi,Day,OP-N01,NBI-P03,708.6,,1,209,missed_maintenance
MO-20260713-MOM-D,13/07/2026,Mombasa,Day,OP-M02,MBA-P01,1060.1,26.8,0,223,none
MO-20261020-NAI-N,20/10/2026,Nairobi,Night,OP-N04,NBI-P03,623.6,19.8,1,220,missed_maintenance
MO-20260204-NAI-D,04/02/2026,Nairobi,Day,OP-N04,NBI-P04,1115.4,28.2,0,221,none
MO-20260423-NAI-D,23/04/2026,Nairobi,Day,OP-N04,NBI-P03,714.7,26.8,1,226,missed_maintenance
MO-20261122-MOM-D,22/11/2026,Mombasa,Day,OP-M02,MBA-P01,952.8,26.5,0,228,none
MO-20260724-NAI-D,24/07/2026,Nairobi,Day,OP-N03,NBI-P03,563.4,25.2,1,219,missed_maintenance
MO-20260616-MOM-N,16/06/2026,Mombasa,Night,OP-M02,MBA-P01,941.6,28.6,0,225,none
MO-20260424-MOM-N,24/04/2026,Mombasa,Night,OP-M03,MBA-P02,969.1,32.6,0,221,none
MO-20260130-MOM-N,30/01/2026,Mombasa,Night,OP-M04,MBA-P02,923.7,34.8,0,225,none
MO-20260408-NAI-N,08/04/2026,Nairobi,Night,OP-N03,NBI-P03,632.4,26.8,1,213,missed_maintenance
MO-20260203-MOM-D,03/02/2026,Mombasa,Day,OP-M04,MBA-P03,1026.1,32.3,0,226,none
MO-20260127-MOM-D,27/01/2026,Mombasa,Day,OP-M03,MBA-P02,1037.8,33.3,0,224,none
MO-20261214-KIS-N,14/12/2026,Kisumu,Night,,KSM-P02,895.2,29.9,0,220,none
MO-20261008-KIS-N,08/10/2026,Kisumu,Night,OP-K03,KSM-P01,934.4,21.7,0,214,none
MO-20261129-KIS-D,29/11/2026,Kisumu,Day,OP-K02,KSM-P02,1038.5,26.8,0,226,none
MO-20260901-KIS-D,01/09/2026,Kisumu,Day,OP-K02,KSM-P01,463.7,27.8,0,234,brief_equipment_fault
MO-20260503-ELD-N,03/05/2026,Eldoret,Night,OP-E02,ELD-P01,896.6,20.7,0,216,none
MO-20261004-NAI-N,04/10/2026,Nairobi,Night,OP-N05,NBI-P03,319.5,18.3,1,214,brief_equipment_fault
MO-20260505-KIS-N,05/05/2026,Kisumu,Night,OP-K02,KSM-P01,952.4,28.2,0,230,none
MO-20260917-KIS-N,17/09/2026,Kisumu,Night,OP-K01,KSM-P01,826.3,21.9,0,211,none
MO-20261011-KIS-D,11/10/2026,Kisumu,Day,OP-K03,KSM-P03,940.8,23.9,0,212,none
MO-20260402-MOM-D,02/04/2026,Mombasa,Day,OP-M01,MBA-P02,1049.4,37.0,0,228,none
MO-20261124-MOM-D,24/11/2026,Mombasa,Day,OP-M02,MBA-P01,1088.4,29.2,0,217,none
MO-20260919-KIS-N,19/09/2026,Kisumu,Night,OP-K02,KSM-P01,906.0,22.2,0,220,none
MO-20260426-ELD-N,26/04/2026,Eldoret,Night,OP-E01,ELD-P03,1059.5,19.4,0,218,none
MO-20261002-KIS-D,02/10/2026,Kisumu,Day,OP-K01,KSM-P01,1108.6,21.9,0,229,none
MO-20260525-MOM-N,25/05/2026,Mombasa,Night,OP-M01,MBA-P03,1039.6,31.3,0,212,none
MO-20261127-NAI-N,27/11/2026,Nairobi,Night,OP-N05,NBI-P03,542.8,21.2,1,216,missed_maintenance
MO-20260714-KIS-D,14/07/2026,Kisumu,Day,OP-K02,KSM-P01,980.3,24.0,0,219,none
MO-20260207-NAI-D,07/02/2026,Nairobi,Day,OP-N02,NBI-P03,606.9,25.1,1,220,missed_maintenance
MO-20260204-ELD-D,04/02/2026,Eldoret,Day,OP-E02,ELD-P03,1007.0,20.6,0,222,none
MO-20260913-KIS-D,13/09/2026,Kisumu,Day,OP-K02,KSM-P01,990.6,23.5,0,206,none
MO-20260514-MOM-N,14/05/2026,Mombasa,Night,OP-M02,MBA-P03,1085.8,32.2,0,236,none
MO-20260721-MOM-N,21/07/2026,Mombasa,Night,OP-M03,MBA-P01,939.5,29.1,0,216,none
MO-20261017-MOM-N,17/10/2026,Mombasa,Night,OP-M04,MBA-P03,854.2,25.5,0,220,none
MO-20261231-KIS-N,31/12/2026,Kisumu,Night,OP-K03,KSM-P03,1012.4,29.8,0,212,none
MO-20260313-KIS-D,13/03/2026,Kisumu,Day,OP-K02,KSM-P01,1069.9,29.5,0,225,none
MO-20260930-KIS-N,30/09/2026,Kisumu,Night,OP-K01,KSM-P03,873.4,21.6,0,221,none
MO-20260805-KIS-N,05/08/2026,Kisumu,Night,OP-K03,KSM-P03,926.9,25.1,0,228,none
MO-20260903-NAI-D,03/09/2026,Nairobi,Day,OP-N03,NBI-P03,619.1,18.9,1,227,missed_maintenance
MO-20260316-NAI-N,16/03/2026,Nairobi,Night,OP-N03,NBI-P03,650.8,,1,219,missed_maintenance
MO-20260822-NAI-D,22/08/2026,Nairobi,Day,OP-N04,NBI-P03,598.3,20.3,1,221,missed_maintenance
MO-20260118-MOM-D,18/01/2026,Mombasa,Day,OP-M03,MBA-P01,1060.9,33.4,0,221,none
MO-20260501-ELD-N,01/05/2026,Eldoret,Night,OP-E03,ELD-P02,1009.6,22.8,0,218,none
MO-20261016-NAI-D,16/10/2026,Nairobi,Day,OP-N01,NBI-P03,678.8,22.6,1,220,missed_maintenance
MO-20260318-NAI-D,18/03/2026,Nairobi,Day,OP-N02,NBI-P04,1177.9,,0,234,none
MO-20260316-NAI-D,16/03/2026,Nairobi,Day,OP-N01,NBI-P03,624.4,,1,224,missed_maintenance
MO-20260504-KIS-D,04/05/2026,Kisumu,Day,OP-K01,KSM-P02,1010.5,33.3,0,230,none
MO-20260212-ELD-N,12/02/2026,Eldoret,Night,OP-E02,ELD-P02,905.1,22.4,0,232,none
MO-20260305-NAI-D,05/03/2026,Nairobi,Day,OP-N05,NBI-P03,600.1,27.9,1,220,missed_maintenance
MO-20260528-MOM-N,28/05/2026,Mombasa,Night,OP-M01,MBA-P02,1022.6,33.4,0,232,none
MO-20261108-KIS-N,08/11/2026,Kisumu,Night,OP-K03,KSM-P02,864.8,21.7,0,228,none
MO-20260409-ELD-N,09/04/2026,Eldoret,Night,OP-E01,ELD-P03,1017.5,24.3,0,221,none
MO-20260409-MOM-D,09/04/2026,Mombasa,Day,OP-M02,MBA-P02,1005.5,36.0,0,214,none
MO-20260402-NAI-N,02/04/2026,Nairobi,Night,OP-N03,NBI-P03,639.0,26.3,1,223,missed_maintenance
MO-20260128-MOM-D,28/01/2026,Mombasa,Day,OP-M02,MBA-P03,1090.9,36.3,0,228,none
MO-20261218-MOM-N,18/12/2026,Mombasa,Night,OP-M04,MBA-P02,953.1,28.4,0,218,none
MO-20260422-NAI-N,22/04/2026,Nairobi,Night,OP-N02,NBI-P03,684.6,28.6,1,222,missed_maintenance
MO-20260317-ELD-D,17/03/2026,Eldoret,Day,OP-E01,ELD-P03,991.9,22.2,0,220,none
MO-20261208-MOM-D,08/12/2026,Mombasa,Day,OP-M04,MBA-P03,1087.1,30.5,0,228,none
MO-20261031-NAI-D,31/10/2026,Nairobi,Day,OP-N02,NBI-P03,644.9,21.0,1,229,missed_maintenance
MO-20260525-KIS-N,25/05/2026,Kisumu,Night,OP-K01,KSM-P02,1054.8,28.4,0,213,none
MO-20260817-KIS-N,17/08/2026,Kisumu,Night,OP-K02,KSM-P03,869.0,21.5,0,216,none
MO-20260821-KIS-D,21/08/2026,Kisumu,Day,OP-K03,KSM-P03,1023.8,22.5,0,223,none
MO-20260902-NAI-D,02/09/2026,Nairobi,Day,OP-N05,NBI-P01,969.0,21.5,0,222,none
MO-20260205-ELD-D,05/02/2026,Eldoret,Day,OP-E02,ELD-P02,1045.8,23.1,0,216,none
MO-20261207-MOM-N,07/12/2026,Mombasa,Night,OP-M01,MBA-P01,983.2,30.6,0,207,none
MO-20260720-KIS-D,20/07/2026,Kisumu,Day,OP-K03,KSM-P02,983.4,23.0,0,223,none
MO-20261113-ELD-D,13/11/2026,Eldoret,Day,OP-E02,ELD-P02,1004.3,16.2,0,230,none
MO-20260206-ELD-D,06/02/2026,Eldoret,Day,OP-E01,ELD-P03,1033.3,22.0,0,229,none
MO-20260115-MOM-D,15/01/2026,Mombasa,Day,OP-M03,MBA-P02,1018.0,36.7,0,227,none
MO-20261020-MOM-N,20/10/2026,Mombasa,Night,OP-M02,MBA-P02,968.8,27.0,0,216,none
MO-20260804-MOM-N,04/08/2026,Mombasa,Night,OP-M01,MBA-P03,972.4,24.9,0,218,none
MO-20260527-MOM-N,27/05/2026,Mombasa,Night,OP-M04,MBA-P01,935.6,33.0,0,227,none
MO-20261223-MOM-D,23/12/2026,Mombasa,Day,OP-M02,MBA-P02,1074.3,32.5,0,224,none
MO-20261216-KIS-N,16/12/2026,Kisumu,Night,OP-K01,KSM-P01,933.2,27.7,0,217,none
MO-20260717-KIS-D,17/07/2026,Kisumu,Day,OP-K03,KSM-P01,911.7,21.9,0,225,none
MO-20261117-ELD-D,17/11/2026,Eldoret,Day,OP-E02,ELD-P03,993.5,16.1,0,229,none
MO-20260521-KIS-N,21/05/2026,Kisumu,Night,OP-K01,KSM-P03,959.4,30.6,0,220,none
MO-20260804-KIS-N,04/08/2026,Kisumu,Night,OP-K01,KSM-P03,969.8,24.5,0,225,none
MO-20261205-ELD-D,05/12/2026,Eldoret,Day,OP-E02,ELD-P02,949.5,16.8,0,219,none
MO-20260429-ELD-D,29/04/2026,Eldoret,Day,OP-E01,ELD-P01,964.0,24.0,0,227,none
MO-20260909-NAI-N,09/09/2026,Nairobi,Night,OP-N03,NBI-P03,502.1,20.2,1,215,missed_maintenance
MO-20260613-MOM-D,13/06/2026,Mombasa,Day,OP-M04,MBA-P02,1116.8,32.1,0,211,none
MO-20260424-ELD-D,24/04/2026,Eldoret,Day,OP-E03,ELD-P03,1003.7,20.3,0,230,none
MO-20260601-MOM-D,01/06/2026,Mombasa,Day,OP-M03,MBA-P03,1080.4,33.0,0,218,none
MO-20261102-KIS-N,02/11/2026,Kisumu,Night,OP-K03,KSM-P03,916.3,25.6,0,218,none
MO-20260724-MOM-D,24/07/2026,Mombasa,Day,OP-M02,MBA-P03,1048.0,30.0,0,226,none
MO-20260307-NAI-N,07/03/2026,Nairobi,Night,OP-N05,NBI-P03,545.4,27.5,1,221,missed_maintenance
MO-20261011-MOM-N,11/10/2026,Mombasa,Night,OP-M03,MBA-P01,939.5,26.1,0,222,none
MO-20261015-KIS-N,15/10/2026,Kisumu,Night,OP-K01,KSM-P03,875.1,24.2,0,214,none
MO-20260221-KIS-D,21/02/2026,Kisumu,Day,OP-K03,KSM-P02,1135.4,31.3,0,223,none
MO-20260203-NAI-N,03/02/2026,Nairobi,Night,OP-N02,NBI-P03,654.5,28.3,1,224,missed_maintenance
MO-20260722-ELD-D,22/07/2026,Eldoret,Day,OP-E02,ELD-P01,998.8,14.2,0,222,none
MO-20260325-KIS-D,25/03/2026,Kisumu,Day,OP-K01,KSM-P01,1186.8,30.1,0,233,none
MO-20261029-KIS-N,29/10/2026,Kisumu,Night,,KSM-P03,969.2,26.5,0,220,none
MO-20260704-ELD-N,04/07/2026,Eldoret,Night,OP-E01,ELD-P02,966.6,15.9,0,224,none
MO-20261013-ELD-N,13/10/2026,Eldoret,Night,OP-E02,ELD-P03,921.8,15.1,0,221,none
MO-20260317-KIS-D,17/03/2026,Kisumu,Day,OP-K02,KSM-P02,1102.6,30.5,0,230,none
MO-20260724-KIS-N,24/07/2026,Kisumu,Night,OP-K01,KSM-P01,930.2,21.9,0,222,none
MO-20260320-MOM-D,20/03/2026,Mombasa,Day,OP-M03,MBA-P03,1137.8,34.7,0,208,none
MO-20260916-MOM-D,16/09/2026,Mombasa,Day,OP-M03,MBA-P01,980.8,27.1,0,218,none
MO-20261125-KIS-N,25/11/2026,Kisumu,Night,OP-K02,KSM-P01,880.0,30.7,0,216,none
MO-20260830-MOM-N,30/08/2026,Mombasa,Night,OP-M03,MBA-P03,969.1,25.7,0,213,none
MO-20261019-ELD-N,19/10/2026,Eldoret,Night,OP-E02,ELD-P02,862.6,13.6,0,216,none
MO-20260322-MOM-D,22/03/2026,Mombasa,Day,OP-M04,MBA-P02,1130.5,39.4,0,215,none
MO-20260123-NAI-N,23/01/2026,Nairobi,Night,OP-N01,NBI-P03,1014.8,29.7,0,222,none
MO-20260127-KIS-N,27/01/2026,Kisumu,Night,OP-K03,KSM-P01,978.5,29.3,0,218,none
MO-20260518-NAI-D,18/05/2026,Nairobi,Day,OP-N05,NBI-P03,649.5,28.4,1,218,missed_maintenance
MO-20260516-NAI-N,16/05/2026,Nairobi,Night,OP-N04,NBI-P03,565.2,26.1,1,218,missed_maintenance
MO-20260530-KIS-N,30/05/2026,Kisumu,Night,OP-K02,KSM-P01,964.0,28.2,0,217,none
MO-20260603-ELD-N,03/06/2026,Eldoret,Night,OP-E02,ELD-P02,951.2,19.4,0,223,none
MO-20260127-NAI-N,27/01/2026,Nairobi,Night,OP-N04,NBI-P01,1048.1,26.1,0,217,none
MO-20260401-KIS-D,01/04/2026,Kisumu,Day,OP-K02,KSM-P02,1068.1,32.1,0,229,none
MO-20261218-NAI-D,18/12/2026,Nairobi,Day,OP-N03,NBI-P03,584.9,22.2,1,214,missed_maintenance
MO-20260624-MOM-D,24/06/2026,Mombasa,Day,OP-M04,MBA-P03,986.5,26.2,0,214,none
MO-20261218-ELD-D,18/12/2026,Eldoret,Day,,ELD-P02,1005.6,18.8,0,226,none
MO-20260825-MOM-D,25/08/2026,Mombasa,Day,OP-M03,MBA-P01,998.4,24.2,0,224,none
MO-20260608-KIS-N,08/06/2026,Kisumu,Night,OP-K01,KSM-P01,1037.2,27.5,0,226,none
MO-20260418-KIS-D,18/04/2026,Kisumu,Day,OP-K01,KSM-P02,1167.1,31.0,0,221,none
MO-20261208-NAI-D,08/12/2026,Nairobi,Day,OP-N02,NBI-P02,1066.9,23.8,0,231,none
MO-20260131-ELD-N,31/01/2026,Eldoret,Night,OP-E02,ELD-P02,1017.3,24.4,0,221,none
MO-20260624-NAI-D,24/06/2026,Nairobi,Day,OP-N01,NBI-P03,653.0,21.6,1,219,missed_maintenance
MO-20261128-MOM-N,28/11/2026,Mombasa,Night,OP-M01,MBA-P01,1078.2,29.1,0,223,none
MO-20260130-KIS-N,30/01/2026,Kisumu,Night,OP-K01,KSM-P01,982.2,30.4,0,225,none
MO-20260730-ELD-N,30/07/2026,Eldoret,Night,OP-E02,ELD-P03,885.6,16.7,0,220,none
MO-20260226-NAI-D,26/02/2026,Nairobi,Day,OP-N04,NBI-P03,632.9,27.6,1,230,missed_maintenance
MO-20260106-NAI-D,06/01/2026,Nairobi,Day,OP-N02,NBI-P03,1141.5,23.1,0,224,none
MO-20260226-KIS-N,26/02/2026,Kisumu,Night,OP-K03,KSM-P03,935.3,33.5,0,226,none
MO-20261119-NAI-D,19/11/2026,Nairobi,Day,OP-N04,NBI-P01,1057.0,20.6,0,237,none
MO-20260523-MOM-D,23/05/2026,Mombasa,Day,OP-M04,MBA-P01,1071.1,31.9,0,217,none
MO-20260606-NAI-D,06/06/2026,Nairobi,Day,OP-N05,NBI-P01,954.9,28.7,0,222,none
MO-20261210-MOM-D,10/12/2026,Mombasa,Day,OP-M03,MBA-P03,990.0,29.9,0,230,none
MO-20260515-KIS-D,15/05/2026,Kisumu,Day,OP-K01,KSM-P01,1081.3,29.7,0,222,none
MO-20260727-MOM-N,27/07/2026,Mombasa,Night,OP-M03,MBA-P02,1086.3,28.9,0,208,none
MO-20260926-MOM-N,26/09/2026,Mombasa,Night,OP-M02,MBA-P01,892.9,24.9,0,229,none
MO-20261031-MOM-D,31/10/2026,Mombasa,Day,OP-M01,MBA-P02,601.2,28.5,0,228,operator_blunder
MO-20260220-MOM-D,20/02/2026,Mombasa,Day,OP-M03,MBA-P02,1071.4,34.1,0,226,none
MO-20260405-KIS-N,05/04/2026,Kisumu,Night,OP-K01,KSM-P02,1061.1,33.9,0,215,none
MO-20261024-ELD-N,24/10/2026,Eldoret,Night,OP-E02,ELD-P03,729.7,13.6,0,216,none
MO-20260105-ELD-N,05/01/2026,Eldoret,Night,OP-E01,ELD-P03,869.2,20.8,0,217,none
MO-20260715-KIS-N,15/07/2026,Kisumu,Night,OP-K01,KSM-P03,890.0,22.5,0,227,none
MO-20260713-KIS-D,13/07/2026,Kisumu,Day,OP-K03,KSM-P01,1005.3,24.3,0,218,none
MO-20260310-ELD-N,10/03/2026,Eldoret,Night,OP-E01,ELD-P03,885.6,26.6,0,226,none
MO-20261212-MOM-D,12/12/2026,Mombasa,Day,OP-M02,MBA-P02,1011.4,27.8,0,226,none
MO-20260407-ELD-D,07/04/2026,Eldoret,Day,OP-E02,ELD-P02,1001.9,25.0,0,226,none
MO-20260730-MOM-N,30/07/2026,Mombasa,Night,OP-M04,MBA-P02,813.0,30.0,0,216,none
MO-20260823-NAI-N,23/08/2026,Nairobi,Night,OP-N05,NBI-P02,952.3,17.5,0,210,none
MO-20260710-KIS-N,10/07/2026,Kisumu,Night,OP-K02,KSM-P01,989.2,26.3,0,227,none
MO-20261010-MOM-N,10/10/2026,Mombasa,Night,OP-M03,MBA-P03,1080.6,29.1,0,213,none
MO-20260320-NAI-D,20/03/2026,Nairobi,Day,OP-N02,NBI-P03,578.9,,1,215,missed_maintenance
MO-20260108-NAI-N,08/01/2026,Nairobi,Night,OP-N04,NBI-P03,1063.5,27.8,0,218,none
MO-20260407-KIS-D,07/04/2026,Kisumu,Day,OP-K01,KSM-P01,990.8,28.4,0,226,none
MO-20261105-ELD-D,05/11/2026,Eldoret,Day,OP-E02,ELD-P03,971.8,17.8,0,215,none
MO-20260220-KIS-N,20/02/2026,Kisumu,Night,OP-K02,KSM-P01,876.0,29.3,0,214,none
MO-20260704-NAI-D,04/07/2026,Nairobi,Day,OP-N03,NBI-P03,609.6,20.8,1,223,missed_maintenance
MO-20260316-ELD-N,16/03/2026,Eldoret,Night,OP-E03,ELD-P02,941.6,23.8,0,228,none
MO-20261201-MOM-D,01/12/2026,Mombasa,Day,OP-M02,MBA-P03,979.5,29.5,0,215,none
MO-20260907-ELD-D,07/09/2026,Eldoret,Day,OP-E02,ELD-P03,958.0,14.2,0,219,none
MO-20260929-NAI-N,29/09/2026,Nairobi,Night,OP-N04,NBI-P03,613.7,18.7,1,224,missed_maintenance
MO-20260710-MOM-N,10/07/2026,Mombasa,Night,OP-M01,MBA-P01,946.6,28.5,0,209,none
MO-20260129-ELD-D,29/01/2026,Eldoret,Day,OP-E02,ELD-P03,1035.9,25.0,0,224,none
MO-20261106-MOM-N,06/11/2026,Mombasa,Night,OP-M01,MBA-P02,1010.6,27.4,0,216,none
MO-20260817-KIS-D,17/08/2026,Kisumu,Day,OP-K02,KSM-P03,990.1,23.5,0,224,none
MO-20260430-MOM-D,30/04/2026,Mombasa,Day,OP-M02,MBA-P02,1078.2,34.1,0,232,none
MO-20260912-KIS-D,12/09/2026,Kisumu,Day,OP-K02,KSM-P03,1002.8,20.8,0,212,none
MO-20261219-MOM-N,19/12/2026,Mombasa,Night,OP-M01,MBA-P02,1012.6,31.9,0,226,none
MO-20260528-ELD-D,28/05/2026,Eldoret,Day,OP-E02,ELD-P02,915.8,18.7,0,211,none
MO-20260602-NAI-D,02/06/2026,Nairobi,Day,OP-N04,NBI-P03,582.5,25.6,1,235,missed_maintenance
MO-20260114-NAI-N,14/01/2026,Nairobi,Night,OP-N02,NBI-P01,1161.1,26.4,0,203,none
MO-20260506-MOM-N,06/05/2026,Mombasa,Night,OP-M01,MBA-P02,1059.8,32.8,0,222,none
MO-20260710-ELD-N,10/07/2026,Eldoret,Night,OP-E03,ELD-P03,909.0,18.5,0,215,none
MO-20260824-KIS-N,24/08/2026,Kisumu,Night,OP-K02,KSM-P02,922.2,22.1,0,213,none
MO-20261205-MOM-D,05/12/2026,Mombasa,Day,OP-M02,MBA-P03,981.0,29.1,0,240,none
MO-20260706-KIS-D,06/07/2026,Kisumu,Day,OP-K01,KSM-P01,974.1,27.5,0,221,none
MO-20260612-MOM-N,12/06/2026,Mombasa,Night,OP-M01,MBA-P03,989.1,33.2,0,224,none
MO-20260820-KIS-N,20/08/2026,Kisumu,Night,OP-K03,KSM-P01,864.1,20.9,0,223,none
MO-20260322-KIS-N,22/03/2026,Kisumu,Night,OP-K03,KSM-P02,967.5,31.7,0,217,none
MO-20260917-KIS-D,17/09/2026,Kisumu,Day,OP-K03,KSM-P02,930.8,22.5,0,214,none
MO-20260117-KIS-N,17/01/2026,Kisumu,Night,OP-K01,KSM-P01,991.0,30.4,0,217,none
MO-20260202-KIS-D,02/02/2026,Kisumu,Day,OP-K03,KSM-P02,1007.4,33.1,0,220,none
MO-20261219-KIS-D,19/12/2026,Kisumu,Day,OP-K03,KSM-P02,924.5,25.6,0,230,none
MO-20260407-NAI-N,07/04/2026,Nairobi,Night,OP-N03,NBI-P03,559.6,26.8,1,218,missed_maintenance
MO-20260920-ELD-D,20/09/2026,Eldoret,Day,OP-E03,ELD-P01,959.8,12.7,0,235,none
MO-20260407-MOM-D,07/04/2026,Mombasa,Day,OP-M01,MBA-P01,1184.0,32.5,0,225,none
MO-20261015-NAI-N,15/10/2026,Nairobi,Night,OP-N05,NBI-P03,619.0,18.6,1,226,missed_maintenance
MO-20261224-NAI-D,24/12/2026,Nairobi,Day,OP-N04,NBI-P03,552.6,25.6,1,217,missed_maintenance
MO-20261210-ELD-D,10/12/2026,Eldoret,Day,OP-E02,ELD-P01,968.4,15.9,0,224,none
MO-20260818-MOM-D,18/08/2026,Mombasa,Day,OP-M01,MBA-P01,1040.7,28.5,0,220,none
MO-20260319-KIS-N,19/03/2026,Kisumu,Night,OP-K01,KSM-P02,1063.5,32.7,0,225,none
MO-20261013-ELD-D,13/10/2026,Eldoret,Day,OP-E03,ELD-P02,1010.1,18.0,0,218,none
MO-20260313-MOM-D,13/03/2026,Mombasa,Day,OP-M03,MBA-P03,1046.5,37.9,0,224,none
MO-20260801-NAI-D,01/08/2026,Nairobi,Day,OP-N03,NBI-P03,645.2,20.8,1,223,missed_maintenance
MO-20260108-ELD-D,08/01/2026,Eldoret,Day,OP-E03,ELD-P01,993.8,20.7,0,218,none
MO-20261121-ELD-D,21/11/2026,Eldoret,Day,OP-E02,ELD-P01,980.4,17.5,0,224,none
MO-20260529-MOM-N,29/05/2026,Mombasa,Night,OP-M01,MBA-P03,934.5,29.8,0,220,none
MO-20261115-MOM-N,15/11/2026,Mombasa,Night,OP-M03,MBA-P03,919.4,28.7,0,217,none
MO-20261217-ELD-N,17/12/2026,Eldoret,Night,OP-E01,ELD-P03,942.7,21.0,0,219,none
MO-20261122-NAI-N,22/11/2026,Nairobi,Night,OP-N02,NBI-P03,613.5,19.7,1,230,missed_maintenance
MO-20260522-MOM-D,22/05/2026,Mombasa,Day,OP-M02,MBA-P03,1083.7,29.9,0,219,none
MO-20260624-MOM-N,24/06/2026,Mombasa,Night,OP-M02,MBA-P03,912.1,29.9,0,220,none
MO-20260124-KIS-D,24/01/2026,Kisumu,Day,OP-K01,KSM-P02,972.8,29.1,0,219,none
MO-20260225-KIS-D,25/02/2026,Kisumu,Day,OP-K03,KSM-P01,1124.0,30.4,0,214,none
MO-20260201-MOM-N,01/02/2026,Mombasa,Night,OP-M01,MBA-P02,1099.1,33.9,0,211,none
MO-20261122-KIS-D,22/11/2026,Kisumu,Day,OP-K02,KSM-P03,1002.9,25.9,0,229,none
MO-20260812-KIS-N,12/08/2026,Kisumu,Night,OP-K01,KSM-P01,946.3,24.0,0,209,none
MO-20260805-MOM-D,05/08/2026,Mombasa,Day,OP-M02,MBA-P02,1003.4,27.6,0,224,none
MO-20260622-ELD-N,22/06/2026,Eldoret,Night,OP-E01,ELD-P03,1010.8,14.9,0,228,none
MO-20260216-ELD-N,16/02/2026,Eldoret,Night,OP-E01,ELD-P02,911.3,24.6,0,214,none
MO-20260820-ELD-D,20/08/2026,Eldoret,Day,OP-E01,ELD-P02,971.5,14.4,0,222,none
MO-20260305-NAI-N,05/03/2026,Nairobi,Night,OP-N02,NBI-P03,635.7,28.9,1,224,missed_maintenance
MO-20260711-KIS-D,11/07/2026,Kisumu,Day,OP-K03,KSM-P02,952.3,20.6,0,221,none
MO-20260412-ELD-N,12/04/2026,Eldoret,Night,OP-E03,ELD-P03,1041.4,22.7,0,226,none
MO-20260610-ELD-N,10/06/2026,Eldoret,Night,OP-E02,ELD-P01,899.8,19.4,0,223,none
MO-20261025-NAI-N,25/10/2026,Nairobi,Night,OP-N03,NBI-P03,628.3,19.9,1,207,missed_maintenance
MO-20261202-KIS-N,02/12/2026,Kisumu,Night,OP-K01,KSM-P02,912.5,27.8,0,221,none
MO-20260317-KIS-N,17/03/2026,Kisumu,Night,OP-K02,KSM-P01,908.4,31.7,0,224,none
MO-20261108-NAI-N,08/11/2026,Nairobi,Night,OP-N05,NBI-P02,886.0,23.3,0,216,none
MO-20260507-KIS-D,07/05/2026,Kisumu,Day,OP-K03,KSM-P03,1108.4,30.8,0,222,none
MO-20261109-ELD-N,09/11/2026,Eldoret,Night,OP-E02,ELD-P01,934.0,17.5,0,227,none
MO-20260626-ELD-N,26/06/2026,Eldoret,Night,OP-E02,ELD-P03,935.9,16.3,0,213,none
MO-20260130-KIS-D,30/01/2026,Kisumu,Day,OP-K03,KSM-P01,1174.5,33.2,0,213,none
MO-20261206-NAI-D,06/12/2026,Nairobi,Day,OP-N05,NBI-P02,1076.3,22.3,0,223,none
MO-20260330-KIS-D,30/03/2026,Kisumu,Day,OP-K03,KSM-P02,1128.2,30.4,0,219,none
MO-20260629-KIS-N,29/06/2026,Kisumu,Night,OP-K01,KSM-P01,890.9,24.3,0,227,none
MO-20261222-MOM-N,22/12/2026,Mombasa,Night,OP-M02,MBA-P01,993.6,35.5,0,224,none
MO-20261226-ELD-D,26/12/2026,Eldoret,Day,OP-E02,ELD-P03,928.7,20.3,0,231,none
MO-20260708-ELD-N,08/07/2026,Eldoret,Night,OP-E02,ELD-P03,1042.4,16.8,0,234,none
MO-20260104-KIS-N,04/01/2026,Kisumu,Night,OP-K02,KSM-P01,1011.4,27.6,0,224,none
MO-20260822-NAI-N,22/08/2026,Nairobi,Night,OP-N05,NBI-P01,976.6,19.9,0,220,none
MO-20261121-NAI-N,21/11/2026,Nairobi,Night,OP-N05,NBI-P04,1012.3,22.6,0,218,none
MO-20261018-ELD-N,18/10/2026,Eldoret,Night,OP-E03,ELD-P01,810.6,18.7,0,226,none
MO-20261104-KIS-N,04/11/2026,Kisumu,Night,OP-K01,KSM-P03,797.9,25.1,0,229,none
MO-20261218-KIS-D,18/12/2026,Kisumu,Day,OP-K02,KSM-P02,936.5,30.0,0,233,none
MO-20260131-MOM-N,31/01/2026,Mombasa,Night,OP-M03,MBA-P01,1009.0,35.2,0,222,none
MO-20261209-NAI-N,09/12/2026,Nairobi,Night,OP-N04,NBI-P02,1003.3,22.4,0,216,none
MO-20260714-NAI-N,14/07/2026,Nairobi,Night,OP-N04,NBI-P04,1052.4,17.9,0,212,none
MO-20260711-MOM-N,11/07/2026,Mombasa,Night,OP-M01,MBA-P01,984.2,29.5,0,223,none
MO-20260621-NAI-N,21/06/2026,Nairobi,Night,OP-N04,NBI-P03,596.0,21.8,1,221,missed_maintenance
MO-20260516-MOM-D,16/05/2026,Mombasa,Day,OP-M01,MBA-P03,1059.8,34.3,0,224,none
MO-20260614-ELD-N,14/06/2026,Eldoret,Night,OP-E01,ELD-P03,1025.6,17.9,0,225,none
MO-20261024-MOM-N,24/10/2026,Mombasa,Night,OP-M02,MBA-P02,1042.9,26.0,0,222,none
MO-20260912-MOM-D,12/09/2026,Mombasa,Day,OP-M01,MBA-P02,1045.6,28.7,0,218,none
MO-20260407-MOM-N,07/04/2026,Mombasa,Night,OP-M02,MBA-P01,887.5,37.0,0,223,none
MO-20260813-KIS-N,13/08/2026,Kisumu,Night,OP-K03,KSM-P03,1029.1,21.7,0,217,none
MO-20260105-NAI-N,05/01/2026,Nairobi,Night,OP-N02,NBI-P01,950.6,22.7,0,223,none
MO-20261018-ELD-D,18/10/2026,Eldoret,Day,OP-E03,ELD-P02,918.3,13.6,0,227,none
MO-20260325-MOM-N,25/03/2026,Mombasa,Night,OP-M04,MBA-P01,1043.4,37.7,0,204,none
MO-20261111-ELD-N,11/11/2026,Eldoret,Night,OP-E01,ELD-P03,866.1,18.0,0,218,none
MO-20260726-NAI-D,26/07/2026,Nairobi,Day,OP-N02,NBI-P04,1034.2,20.4,0,226,none
MO-20261205-NAI-N,05/12/2026,Nairobi,Night,OP-N04,NBI-P03,542.4,22.4,1,211,missed_maintenance
MO-20260225-ELD-N,25/02/2026,Eldoret,Night,OP-E03,ELD-P02,927.9,25.0,0,214,none
MO-20261004-KIS-D,04/10/2026,Kisumu,Day,OP-K03,KSM-P01,1004.7,23.3,0,214,none
MO-20261102-ELD-D,02/11/2026,Eldoret,Day,OP-E03,ELD-P03,933.8,13.6,0,225,none
MO-20260508-KIS-N,08/05/2026,Kisumu,Night,OP-K02,KSM-P01,1048.4,27.4,0,215,none
MO-20260119-KIS-N,19/01/2026,Kisumu,Night,OP-K01,KSM-P03,1091.5,32.4,0,214,none
MO-20261101-ELD-N,01/11/2026,Eldoret,Night,OP-E01,ELD-P01,802.2,15.7,0,215,none
MO-20261201-KIS-D,01/12/2026,Kisumu,Day,OP-K01,KSM-P01,945.2,23.5,0,227,none
MO-20260228-NAI-D,28/02/2026,Nairobi,Day,OP-N05,NBI-P01,1113.0,28.7,0,212,none
MO-20260322-ELD-N,22/03/2026,Eldoret,Night,OP-E01,ELD-P02,921.8,21.0,0,223,none
MO-20260810-ELD-D,10/08/2026,Eldoret,Day,OP-E02,ELD-P03,971.1,16.2,0,228,none
MO-20260117-ELD-N,17/01/2026,Eldoret,Night,OP-E03,ELD-P03,940.3,24.4,0,207,none
MO-20260510-MOM-N,10/05/2026,Mombasa,Night,OP-M04,MBA-P01,948.3,33.4,0,221,none
MO-20261231-KIS-D,31/12/2026,Kisumu,Day,OP-K02,KSM-P02,1030.4,26.8,0,227,none
MO-20260309-KIS-D,09/03/2026,Kisumu,Day,OP-K01,KSM-P01,949.9,31.0,0,218,none
MO-20260212-MOM-N,12/02/2026,Mombasa,Night,OP-M04,MBA-P02,969.3,30.4,0,226,none
MO-20260212-KIS-N,12/02/2026,Kisumu,Night,OP-K03,KSM-P03,1057.6,30.4,0,216,none
MO-20260816-NAI-N,16/08/2026,Nairobi,Night,OP-N01,NBI-P03,549.9,20.8,1,211,missed_maintenance
MO-20260629-ELD-N,29/06/2026,Eldoret,Night,OP-E01,ELD-P03,932.0,20.2,0,198,none
MO-20260519-NAI-N,19/05/2026,Nairobi,Night,OP-N02,NBI-P03,522.0,27.6,1,228,missed_maintenance
MO-20260629-NAI-N,29/06/2026,Nairobi,Night,OP-N05,NBI-P03,647.6,22.4,1,234,missed_maintenance
MO-20260912-NAI-N,12/09/2026,Nairobi,Night,OP-N05,NBI-P04,935.3,17.2,0,215,none
MO-20260613-ELD-N,13/06/2026,Eldoret,Night,OP-E03,ELD-P02,992.6,17.5,0,219,none
MO-20260708-KIS-N,08/07/2026,Kisumu,Night,OP-K01,KSM-P01,,24.4,0,229,none
MO-20261026-NAI-N,26/10/2026,Nairobi,Night,OP-N01,NBI-P03,472.5,21.2,1,212,missed_maintenance
MO-20261220-MOM-N,20/12/2026,Mombasa,Night,OP-M02,MBA-P03,966.2,33.0,0,222,none
MO-20260108-MOM-D,08/01/2026,Mombasa,Day,OP-M03,MBA-P02,1047.0,32.3,0,217,none
MO-20261201-ELD-D,01/12/2026,Eldoret,Day,OP-E02,ELD-P01,938.4,17.6,0,228,none
MO-20260628-ELD-N,28/06/2026,Eldoret,Night,OP-E03,ELD-P02,894.7,19.9,0,216,none
MO-20260422-KIS-N,22/04/2026,Kisumu,Night,OP-K03,KSM-P03,967.0,28.3,0,230,none
MO-20261207-NAI-D,07/12/2026,Nairobi,Day,OP-N04,NBI-P03,690.3,22.0,1,223,missed_maintenance
MO-20260210-KIS-D,10/02/2026,Kisumu,Day,OP-K01,KSM-P02,984.2,30.0,0,213,none
MO-20261227-KIS-D,27/12/2026,Kisumu,Day,OP-K03,KSM-P01,996.9,25.3,0,217,none
MO-20261030-ELD-N,30/10/2026,Eldoret,Night,OP-E02,ELD-P01,789.8,19.0,0,221,none
MO-20260311-NAI-N,11/03/2026,Nairobi,Night,OP-N02,NBI-P03,592.7,29.8,1,226,missed_maintenance
MO-20260805-ELD-D,05/08/2026,Eldoret,Day,OP-E03,ELD-P02,990.3,14.2,0,224,none
MO-20260908-ELD-N,08/09/2026,Eldoret,Night,OP-E03,ELD-P02,835.5,17.2,0,218,none
MO-20260327-ELD-N,27/03/2026,Eldoret,Night,OP-E01,ELD-P03,864.3,20.9,0,213,none
MO-20261027-ELD-D,27/10/2026,Eldoret,Day,OP-E02,ELD-P03,902.1,16.9,0,221,none
MO-20261204-MOM-N,04/12/2026,Mombasa,Night,OP-M02,MBA-P03,1053.2,28.1,0,225,none
MO-20261230-ELD-N,30/12/2026,Eldoret,Night,OP-E03,ELD-P01,792.5,20.8,0,219,none
MO-20260201-NAI-N,01/02/2026,Nairobi,Night,OP-N04,NBI-P04,912.5,27.3,0,210,none
MO-20261022-NAI-D,22/10/2026,Nairobi,Day,OP-N03,NBI-P03,627.4,22.7,1,220,missed_maintenance
MO-20261001-MOM-D,01/10/2026,Mombasa,Day,OP-M03,MBA-P01,1025.9,26.6,0,223,none
MO-20261229-NAI-D,29/12/2026,Nairobi,Day,OP-N01,NBI-P03,646.3,25.3,1,226,missed_maintenance
MO-20261218-NAI-N,18/12/2026,Nairobi,Night,OP-N05,NBI-P04,1020.1,26.3,0,216,none
MO-20260922-ELD-D,22/09/2026,Eldoret,Day,OP-E03,ELD-P01,987.8,15.4,0,225,none
MO-20260503-NAI-D,03/05/2026,Nairobi,Day,OP-N04,NBI-P03,669.8,26.4,1,226,missed_maintenance
MO-20260423-KIS-D,23/04/2026,Kisumu,Day,OP-K03,KSM-P02,1132.3,26.5,0,227,none
MO-20260228-NAI-N,28/02/2026,Nairobi,Night,OP-N01,NBI-P03,631.6,28.1,1,209,missed_maintenance
MO-20260312-MOM-D,12/03/2026,Mombasa,Day,OP-M03,MBA-P02,1046.5,34.1,0,215,none
MO-20260104-MOM-D,04/01/2026,Mombasa,Day,OP-M02,MBA-P02,1019.1,33.7,0,218,none
MO-20260901-ELD-N,01/09/2026,Eldoret,Night,OP-E03,ELD-P01,882.4,15.3,0,225,none
MO-20260628-MOM-N,28/06/2026,Mombasa,Night,OP-M04,MBA-P01,1000.7,30.9,0,211,none
MO-20260213-KIS-N,13/02/2026,Kisumu,Night,OP-K01,KSM-P02,1034.6,27.8,0,221,none
MO-20261102-KIS-D,02/11/2026,Kisumu,Day,OP-K02,KSM-P03,968.7,23.5,0,230,none
MO-20260316-MOM-N,16/03/2026,Mombasa,Night,OP-M04,MBA-P02,1075.6,33.0,0,227,none
MO-20260607-NAI-D,07/06/2026,Nairobi,Day,OP-N05,NBI-P03,653.7,28.8,1,234,missed_maintenance
MO-20260928-MOM-N,28/09/2026,Mombasa,Night,OP-M03,MBA-P02,866.7,26.1,0,217,none
MO-20260317-NAI-N,17/03/2026,Nairobi,Night,OP-N03,NBI-P03,640.6,,1,214,missed_maintenance
MO-20261209-NAI-D,09/12/2026,Nairobi,Day,OP-N03,NBI-P03,595.8,23.6,1,221,missed_maintenance
MO-20260311-ELD-D,11/03/2026,Eldoret,Day,OP-E01,ELD-P01,996.0,24.6,0,220,none
MO-20260527-KIS-N,27/05/2026,Kisumu,Night,OP-K03,KSM-P03,957.9,28.6,0,217,none
MO-20260603-NAI-D,03/06/2026,Nairobi,Day,OP-N04,NBI-P02,1068.1,26.9,0,230,none
MO-20261112-MOM-N,12/11/2026,Mombasa,Night,OP-M02,MBA-P03,1146.0,30.2,0,219,none
MO-20261215-KIS-N,15/12/2026,Kisumu,Night,OP-K02,KSM-P01,831.1,26.7,0,223,none
MO-20260113-KIS-D,13/01/2026,Kisumu,Day,OP-K02,KSM-P03,964.2,29.0,0,228,none
MO-20260117-MOM-N,17/01/2026,Mombasa,Night,OP-M01,MBA-P02,1011.4,31.0,0,214,none
MO-20261109-ELD-D,09/11/2026,Eldoret,Day,OP-E02,ELD-P02,854.5,18.2,0,224,none
MO-20261027-NAI-N,27/10/2026,Nairobi,Night,OP-N02,NBI-P01,1060.7,22.6,0,218,none
MO-20260111-ELD-D,11/01/2026,Eldoret,Day,OP-E03,ELD-P03,999.5,19.8,0,215,none
MO-20260125-MOM-D,25/01/2026,Mombasa,Day,OP-M03,MBA-P01,1090.1,31.6,0,227,none
MO-20260406-ELD-D,06/04/2026,Eldoret,Day,OP-E03,ELD-P01,656.1,24.4,0,224,brief_equipment_fault
MO-20260330-NAI-D,30/03/2026,Nairobi,Day,OP-N05,NBI-P03,668.3,28.0,1,228,missed_maintenance
MO-20260422-NAI-D,22/04/2026,Nairobi,Day,OP-N02,NBI-P03,662.7,27.3,1,216,missed_maintenance
MO-20260126-KIS-D,26/01/2026,Kisumu,Day,OP-K01,KSM-P01,974.3,29.4,0,220,none
MO-20260717-ELD-D,17/07/2026,Eldoret,Day,OP-E01,ELD-P03,956.4,15.2,0,223,none
MO-20260824-NAI-N,24/08/2026,Nairobi,Night,OP-N03,NBI-P03,689.1,21.4,1,219,missed_maintenance
MO-20260906-NAI-N,06/09/2026,Nairobi,Night,OP-N03,NBI-P01,961.4,18.0,0,218,none
MO-20260817-ELD-D,17/08/2026,Eldoret,Day,OP-E01,ELD-P01,930.3,15.0,0,229,none
MO-20261011-ELD-D,11/10/2026,Eldoret,Day,OP-E02,ELD-P01,1017.8,15.6,0,222,none
MO-20260319-KIS-D,19/03/2026,Kisumu,Day,OP-K03,KSM-P02,1048.9,30.1,0,226,none
